index;time;month;year;day;Saint_Anthon;Saint_Peter;MSR;Saint_Georges
0;-17883;1;1901;15;23.6;23.6;23.6;23.6
1;-17852;2;1901;15;23.700000000000003;23.700000000000003;23.700000000000003;23.700000000000003
2;-17824;3;1901;15;23.700000000000003;23.700000000000003;23.700000000000003;23.700000000000003
3;-17793;4;1901;15;24.200000000000003;24.200000000000003;24.200000000000003;24.200000000000003
4;-17763;5;1901;15;25.3;25.3;25.3;25.3
5;-17732;6;1901;15;25.400000000000002;25.400000000000002;25.400000000000002;25.400000000000002
6;-17702;7;1901;15;25.400000000000002;25.400000000000002;25.400000000000002;25.400000000000002
7;-17671;8;1901;15;25.900000000000002;25.900000000000002;25.900000000000002;25.900000000000002
8;-17640;9;1901;15;25.8;25.8;25.8;25.8
9;-17610;10;1901;15;25.3;25.3;25.3;25.3
10;-17579;11;1901;15;24.700000000000003;24.700000000000003;24.700000000000003;24.700000000000003
11;-17549;12;1901;15;24.1;24.1;24.1;24.1
12;-17518;1;1902;15;23.400000000000002;23.400000000000002;23.400000000000002;23.400000000000002
13;-17487;2;1902;15;23.8;23.8;23.8;23.8
14;-17459;3;1902;15;23.200000000000003;23.200000000000003;23.200000000000003;23.200000000000003
15;-17428;4;1902;15;23.8;23.8;23.8;23.8
16;-17398;5;1902;15;24.6;24.6;24.6;24.6
17;-17367;6;1902;15;25.200000000000003;25.200000000000003;25.200000000000003;25.200000000000003
18;-17337;7;1902;15;25.6;25.6;25.6;25.6
19;-17306;8;1902;15;25.8;25.8;25.8;25.8
20;-17275;9;1902;15;25.5;25.5;25.5;25.5
21;-17245;10;1902;15;25.1;25.1;25.1;25.1
22;-17214;11;1902;15;24.5;24.5;24.5;24.5
23;-17184;12;1902;15;24.200000000000003;24.200000000000003;24.200000000000003;24.200000000000003
24;-17153;1;1903;15;23.900000000000002;23.900000000000002;23.900000000000002;23.900000000000002
25;-17122;2;1903;15;23.400000000000002;23.400000000000002;23.400000000000002;23.400000000000002
26;-17094;3;1903;15;23.200000000000003;23.200000000000003;23.200000000000003;23.200000000000003
27;-17063;4;1903;15;24.0;24.0;24.0;24.0
28;-17033;5;1903;15;25.5;25.5;25.5;25.5
29;-17002;6;1903;15;26.0;26.0;26.0;26.0
30;-16972;7;1903;15;25.8;25.8;25.8;25.8
31;-16941;8;1903;15;25.700000000000003;25.700000000000003;25.700000000000003;25.700000000000003
32;-16910;9;1903;15;25.5;25.5;25.5;25.5
33;-16880;10;1903;15;25.3;25.3;25.3;25.3
34;-16849;11;1903;15;24.6;24.6;24.6;24.6
35;-16819;12;1903;15;23.900000000000002;23.900000000000002;23.900000000000002;23.900000000000002
36;-16788;1;1904;15;23.400000000000002;23.400000000000002;23.400000000000002;23.400000000000002
37;-16757;2;1904;15;22.900000000000002;22.900000000000002;22.900000000000002;22.900000000000002
38;-16728;3;1904;15;23.0;23.0;23.0;23.0
39;-16697;4;1904;15;23.200000000000003;23.200000000000003;23.200000000000003;23.200000000000003
40;-16667;5;1904;15;24.8;24.8;24.8;24.8
41;-16636;6;1904;15;25.3;25.3;25.3;25.3
42;-16606;7;1904;15;25.3;25.3;25.3;25.3
43;-16575;8;1904;15;25.1;25.1;25.1;25.1
44;-16544;9;1904;15;25.200000000000003;25.200000000000003;25.200000000000003;25.200000000000003
45;-16514;10;1904;15;24.900000000000002;24.900000000000002;24.900000000000002;24.900000000000002
46;-16483;11;1904;15;24.900000000000002;24.900000000000002;24.900000000000002;24.900000000000002
47;-16453;12;1904;15;24.1;24.1;24.1;24.1
48;-16422;1;1905;15;23.400000000000002;23.400000000000002;23.400000000000002;23.400000000000002
49;-16391;2;1905;15;23.0;23.0;23.0;23.0
50;-16363;3;1905;15;23.1;23.1;23.1;23.1
51;-16332;4;1905;15;24.1;24.1;24.1;24.1
52;-16302;5;1905;15;24.6;24.6;24.6;24.6
53;-16271;6;1905;15;25.6;25.6;25.6;25.6
54;-16241;7;1905;15;25.6;25.6;25.6;25.6
55;-16210;8;1905;15;25.8;25.8;25.8;25.8
56;-16179;9;1905;15;25.6;25.6;25.6;25.6
57;-16149;10;1905;15;25.1;25.1;25.1;25.1
58;-16118;11;1905;15;25.1;25.1;25.1;25.1
59;-16088;12;1905;15;24.1;24.1;24.1;24.1
60;-16057;1;1906;15;23.3;23.3;23.3;23.3
61;-16026;2;1906;15;23.1;23.1;23.1;23.1
62;-15998;3;1906;15;23.3;23.3;23.3;23.3
63;-15967;4;1906;15;23.700000000000003;23.700000000000003;23.700000000000003;23.700000000000003
64;-15937;5;1906;15;25.0;25.0;25.0;25.0
65;-15906;6;1906;15;25.200000000000003;25.200000000000003;25.200000000000003;25.200000000000003
66;-15876;7;1906;15;25.5;25.5;25.5;25.5
67;-15845;8;1906;15;25.900000000000002;25.900000000000002;25.900000000000002;25.900000000000002
68;-15814;9;1906;15;25.6;25.6;25.6;25.6
69;-15784;10;1906;15;25.400000000000002;25.400000000000002;25.400000000000002;25.400000000000002
70;-15753;11;1906;15;25.0;25.0;25.0;25.0
71;-15723;12;1906;15;23.3;23.3;23.3;23.3
72;-15692;1;1907;15;22.6;22.6;22.6;22.6
73;-15661;2;1907;15;22.400000000000002;22.400000000000002;22.400000000000002;22.400000000000002
74;-15633;3;1907;15;22.6;22.6;22.6;22.6
75;-15602;4;1907;15;23.400000000000002;23.400000000000002;23.400000000000002;23.400000000000002
76;-15572;5;1907;15;24.5;24.5;24.5;24.5
77;-15541;6;1907;15;25.3;25.3;25.3;25.3
78;-15511;7;1907;15;25.8;25.8;25.8;25.8
79;-15480;8;1907;15;25.700000000000003;25.700000000000003;25.700000000000003;25.700000000000003
80;-15449;9;1907;15;25.6;25.6;25.6;25.6
81;-15419;10;1907;15;25.200000000000003;25.200000000000003;25.200000000000003;25.200000000000003
82;-15388;11;1907;15;24.8;24.8;24.8;24.8
83;-15358;12;1907;15;24.1;24.1;24.1;24.1
84;-15327;1;1908;15;23.6;23.6;23.6;23.6
85;-15296;2;1908;15;23.1;23.1;23.1;23.1
86;-15267;3;1908;15;23.200000000000003;23.200000000000003;23.200000000000003;23.200000000000003
87;-15236;4;1908;15;23.6;23.6;23.6;23.6
88;-15206;5;1908;15;25.0;25.0;25.0;25.0
89;-15175;6;1908;15;25.6;25.6;25.6;25.6
90;-15145;7;1908;15;25.900000000000002;25.900000000000002;25.900000000000002;25.900000000000002
91;-15114;8;1908;15;26.1;26.1;26.1;26.1
92;-15083;9;1908;15;25.700000000000003;25.700000000000003;25.700000000000003;25.700000000000003
93;-15053;10;1908;15;25.3;25.3;25.3;25.3
94;-15022;11;1908;15;24.6;24.6;24.6;24.6
95;-14992;12;1908;15;24.0;24.0;24.0;24.0
96;-14961;1;1909;15;23.1;23.1;23.1;23.1
97;-14930;2;1909;15;22.8;22.8;22.8;22.8
98;-14902;3;1909;15;23.700000000000003;23.700000000000003;23.700000000000003;23.700000000000003
99;-14871;4;1909;15;23.400000000000002;23.400000000000002;23.400000000000002;23.400000000000002
100;-14841;5;1909;15;24.900000000000002;24.900000000000002;24.900000000000002;24.900000000000002
101;-14810;6;1909;15;25.0;25.0;25.0;25.0
102;-14780;7;1909;15;25.6;25.6;25.6;25.6
103;-14749;8;1909;15;25.3;25.3;25.3;25.3
104;-14718;9;1909;15;25.700000000000003;25.700000000000003;25.700000000000003;25.700000000000003
105;-14688;10;1909;15;25.3;25.3;25.3;25.3
106;-14657;11;1909;15;24.3;24.3;24.3;24.3
107;-14627;12;1909;15;23.3;23.3;23.3;23.3
108;-14596;1;1910;15;22.8;22.8;22.8;22.8
109;-14565;2;1910;15;22.5;22.5;22.5;22.5
110;-14537;3;1910;15;22.900000000000002;22.900000000000002;22.900000000000002;22.900000000000002
111;-14506;4;1910;15;23.3;23.3;23.3;23.3
112;-14476;5;1910;15;24.3;24.3;24.3;24.3
113;-14445;6;1910;15;25.200000000000003;25.200000000000003;25.200000000000003;25.200000000000003
114;-14415;7;1910;15;25.5;25.5;25.5;25.5
115;-14384;8;1910;15;25.700000000000003;25.700000000000003;25.700000000000003;25.700000000000003
116;-14353;9;1910;15;25.0;25.0;25.0;25.0
117;-14323;10;1910;15;25.0;25.0;25.0;25.0
118;-14292;11;1910;15;24.900000000000002;24.900000000000002;24.900000000000002;24.900000000000002
119;-14262;12;1910;15;24.3;24.3;24.3;24.3
120;-14231;1;1911;15;22.900000000000002;22.900000000000002;22.900000000000002;22.900000000000002
121;-14200;2;1911;15;22.700000000000003;22.700000000000003;22.700000000000003;22.700000000000003
122;-14172;3;1911;15;22.700000000000003;22.700000000000003;22.700000000000003;22.700000000000003
123;-14141;4;1911;15;23.400000000000002;23.400000000000002;23.400000000000002;23.400000000000002
124;-14111;5;1911;15;24.3;24.3;24.3;24.3
125;-14080;6;1911;15;25.6;25.6;25.6;25.6
126;-14050;7;1911;15;25.6;25.6;25.6;25.6
127;-14019;8;1911;15;26.0;26.0;26.0;26.0
128;-13988;9;1911;15;25.700000000000003;25.700000000000003;25.700000000000003;25.700000000000003
129;-13958;10;1911;15;25.400000000000002;25.400000000000002;25.400000000000002;25.400000000000002
130;-13927;11;1911;15;25.1;25.1;25.1;25.1
131;-13897;12;1911;15;24.0;24.0;24.0;24.0
132;-13866;1;1912;15;23.8;23.8;23.8;23.8
133;-13835;2;1912;15;23.6;23.6;23.6;23.6
134;-13806;3;1912;15;23.6;23.6;23.6;23.6
135;-13775;4;1912;15;23.6;23.6;23.6;23.6
136;-13745;5;1912;15;25.0;25.0;25.0;25.0
137;-13714;6;1912;15;25.3;25.3;25.3;25.3
138;-13684;7;1912;15;25.900000000000002;25.900000000000002;25.900000000000002;25.900000000000002
139;-13653;8;1912;15;25.900000000000002;25.900000000000002;25.900000000000002;25.900000000000002
140;-13622;9;1912;15;25.700000000000003;25.700000000000003;25.700000000000003;25.700000000000003
141;-13592;10;1912;15;25.200000000000003;25.200000000000003;25.200000000000003;25.200000000000003
142;-13561;11;1912;15;24.900000000000002;24.900000000000002;24.900000000000002;24.900000000000002
143;-13531;12;1912;15;24.200000000000003;24.200000000000003;24.200000000000003;24.200000000000003
144;-13500;1;1913;15;23.1;23.1;23.1;23.1
145;-13469;2;1913;15;22.5;22.5;22.5;22.5
146;-13441;3;1913;15;22.700000000000003;22.700000000000003;22.700000000000003;22.700000000000003
147;-13410;4;1913;15;23.0;23.0;23.0;23.0
148;-13380;5;1913;15;25.400000000000002;25.400000000000002;25.400000000000002;25.400000000000002
149;-13349;6;1913;15;24.6;24.6;24.6;24.6
150;-13319;7;1913;15;25.0;25.0;25.0;25.0
151;-13288;8;1913;15;25.1;25.1;25.1;25.1
152;-13257;9;1913;15;25.3;25.3;25.3;25.3
153;-13227;10;1913;15;24.6;24.6;24.6;24.6
154;-13196;11;1913;15;24.3;24.3;24.3;24.3
155;-13166;12;1913;15;23.400000000000002;23.400000000000002;23.400000000000002;23.400000000000002
156;-13135;1;1914;15;23.1;23.1;23.1;23.1
157;-13104;2;1914;15;22.8;22.8;22.8;22.8
158;-13076;3;1914;15;23.200000000000003;23.200000000000003;23.200000000000003;23.200000000000003
159;-13045;4;1914;15;23.3;23.3;23.3;23.3
160;-13015;5;1914;15;24.5;24.5;24.5;24.5
161;-12984;6;1914;15;24.8;24.8;24.8;24.8
162;-12954;7;1914;15;25.3;25.3;25.3;25.3
163;-12923;8;1914;15;25.3;25.3;25.3;25.3
164;-12892;9;1914;15;25.6;25.6;25.6;25.6
165;-12862;10;1914;15;25.200000000000003;25.200000000000003;25.200000000000003;25.200000000000003
166;-12831;11;1914;15;24.900000000000002;24.900000000000002;24.900000000000002;24.900000000000002
167;-12801;12;1914;15;24.5;24.5;24.5;24.5
168;-12770;1;1915;15;23.5;23.5;23.5;23.5
169;-12739;2;1915;15;22.8;22.8;22.8;22.8
170;-12711;3;1915;15;23.700000000000003;23.700000000000003;23.700000000000003;23.700000000000003
171;-12680;4;1915;15;23.400000000000002;23.400000000000002;23.400000000000002;23.400000000000002
172;-12650;5;1915;15;24.8;24.8;24.8;24.8
173;-12619;6;1915;15;25.6;25.6;25.6;25.6
174;-12589;7;1915;15;26.0;26.0;26.0;26.0
175;-12558;8;1915;15;26.0;26.0;26.0;26.0
176;-12527;9;1915;15;25.900000000000002;25.900000000000002;25.900000000000002;25.900000000000002
177;-12497;10;1915;15;25.6;25.6;25.6;25.6
178;-12466;11;1915;15;25.0;25.0;25.0;25.0
179;-12436;12;1915;15;24.200000000000003;24.200000000000003;24.200000000000003;24.200000000000003
180;-12405;1;1916;15;23.200000000000003;23.200000000000003;23.200000000000003;23.200000000000003
181;-12374;2;1916;15;22.8;22.8;22.8;22.8
182;-12345;3;1916;15;22.900000000000002;22.900000000000002;22.900000000000002;22.900000000000002
183;-12314;4;1916;15;23.400000000000002;23.400000000000002;23.400000000000002;23.400000000000002
184;-12284;5;1916;15;25.0;25.0;25.0;25.0
185;-12253;6;1916;15;25.5;25.5;25.5;25.5
186;-12223;7;1916;15;25.6;25.6;25.6;25.6
187;-12192;8;1916;15;25.700000000000003;25.700000000000003;25.700000000000003;25.700000000000003
188;-12161;9;1916;15;25.400000000000002;25.400000000000002;25.400000000000002;25.400000000000002
189;-12131;10;1916;15;24.8;24.8;24.8;24.8
190;-12100;11;1916;15;24.400000000000002;24.400000000000002;24.400000000000002;24.400000000000002
191;-12070;12;1916;15;23.3;23.3;23.3;23.3
192;-12039;1;1917;15;22.6;22.6;22.6;22.6
193;-12008;2;1917;15;22.3;22.3;22.3;22.3
194;-11980;3;1917;15;22.6;22.6;22.6;22.6
195;-11949;4;1917;15;23.3;23.3;23.3;23.3
196;-11919;5;1917;15;24.5;24.5;24.5;24.5
197;-11888;6;1917;15;25.1;25.1;25.1;25.1
198;-11858;7;1917;15;25.400000000000002;25.400000000000002;25.400000000000002;25.400000000000002
199;-11827;8;1917;15;25.400000000000002;25.400000000000002;25.400000000000002;25.400000000000002
200;-11796;9;1917;15;25.200000000000003;25.200000000000003;25.200000000000003;25.200000000000003
201;-11766;10;1917;15;25.900000000000002;25.900000000000002;25.900000000000002;25.900000000000002
202;-11735;11;1917;15;24.6;24.6;24.6;24.6
203;-11705;12;1917;15;23.3;23.3;23.3;23.3
204;-11674;1;1918;15;22.8;22.8;22.8;22.8
205;-11643;2;1918;15;22.700000000000003;22.700000000000003;22.700000000000003;22.700000000000003
206;-11615;3;1918;15;22.700000000000003;22.700000000000003;22.700000000000003;22.700000000000003
207;-11584;4;1918;15;23.200000000000003;23.200000000000003;23.200000000000003;23.200000000000003
208;-11554;5;1918;15;24.1;24.1;24.1;24.1
209;-11523;6;1918;15;25.0;25.0;25.0;25.0
210;-11493;7;1918;15;25.3;25.3;25.3;25.3
211;-11462;8;1918;15;25.8;25.8;25.8;25.8
212;-11431;9;1918;15;25.6;25.6;25.6;25.6
213;-11401;10;1918;15;24.900000000000002;24.900000000000002;24.900000000000002;24.900000000000002
214;-11370;11;1918;15;24.3;24.3;24.3;24.3
215;-11340;12;1918;15;23.6;23.6;23.6;23.6
216;-11309;1;1919;15;23.1;23.1;23.1;23.1
217;-11278;2;1919;15;23.1;23.1;23.1;23.1
218;-11250;3;1919;15;23.0;23.0;23.0;23.0
219;-11219;4;1919;15;23.400000000000002;23.400000000000002;23.400000000000002;23.400000000000002
220;-11189;5;1919;15;25.1;25.1;25.1;25.1
221;-11158;6;1919;15;25.400000000000002;25.400000000000002;25.400000000000002;25.400000000000002
222;-11128;7;1919;15;25.200000000000003;25.200000000000003;25.200000000000003;25.200000000000003
223;-11097;8;1919;15;25.700000000000003;25.700000000000003;25.700000000000003;25.700000000000003
224;-11066;9;1919;15;25.3;25.3;25.3;25.3
225;-11036;10;1919;15;24.900000000000002;24.900000000000002;24.900000000000002;24.900000000000002
226;-11005;11;1919;15;24.3;24.3;24.3;24.3
227;-10975;12;1919;15;23.8;23.8;23.8;23.8
228;-10944;1;1920;15;23.200000000000003;23.200000000000003;23.200000000000003;23.200000000000003
229;-10913;2;1920;15;23.200000000000003;23.200000000000003;23.200000000000003;23.200000000000003
230;-10884;3;1920;15;23.3;23.3;23.3;23.3
231;-10853;4;1920;15;23.8;23.8;23.8;23.8
232;-10823;5;1920;15;25.1;25.1;25.1;25.1
233;-10792;6;1920;15;25.200000000000003;25.200000000000003;25.200000000000003;25.200000000000003
234;-10762;7;1920;15;25.3;25.3;25.3;25.3
235;-10731;8;1920;15;25.400000000000002;25.400000000000002;25.400000000000002;25.400000000000002
236;-10700;9;1920;15;25.400000000000002;25.400000000000002;25.400000000000002;25.400000000000002
237;-10670;10;1920;15;24.900000000000002;24.900000000000002;24.900000000000002;24.900000000000002
238;-10639;11;1920;15;24.5;24.5;24.5;24.5
239;-10609;12;1920;15;23.700000000000003;23.700000000000003;23.700000000000003;23.700000000000003
240;-10578;1;1921;15;23.3;23.3;23.3;23.3
241;-10547;2;1921;15;23.200000000000003;23.200000000000003;23.200000000000003;23.200000000000003
242;-10519;3;1921;15;23.0;23.0;23.0;23.0
243;-10488;4;1921;15;22.900000000000002;22.900000000000002;22.900000000000002;22.900000000000002
244;-10458;5;1921;15;24.6;24.6;24.6;24.6
245;-10427;6;1921;15;25.700000000000003;25.700000000000003;25.700000000000003;25.700000000000003
246;-10397;7;1921;15;25.0;25.0;25.0;25.0
247;-10366;8;1921;15;25.400000000000002;25.400000000000002;25.400000000000002;25.400000000000002
248;-10335;9;1921;15;25.400000000000002;25.400000000000002;25.400000000000002;25.400000000000002
249;-10305;10;1921;15;25.200000000000003;25.200000000000003;25.200000000000003;25.200000000000003
250;-10274;11;1921;15;24.6;24.6;24.6;24.6
251;-10244;12;1921;15;23.8;23.8;23.8;23.8
252;-10213;1;1922;15;23.1;23.1;23.1;23.1
253;-10182;2;1922;15;22.900000000000002;22.900000000000002;22.900000000000002;22.900000000000002
254;-10154;3;1922;15;22.700000000000003;22.700000000000003;22.700000000000003;22.700000000000003
255;-10123;4;1922;15;22.700000000000003;22.700000000000003;22.700000000000003;22.700000000000003
256;-10093;5;1922;15;24.5;24.5;24.5;24.5
257;-10062;6;1922;15;24.900000000000002;24.900000000000002;24.900000000000002;24.900000000000002
258;-10032;7;1922;15;25.3;25.3;25.3;25.3
259;-10001;8;1922;15;25.400000000000002;25.400000000000002;25.400000000000002;25.400000000000002
260;-9970;9;1922;15;25.5;25.5;25.5;25.5
261;-9940;10;1922;15;25.1;25.1;25.1;25.1
262;-9909;11;1922;15;24.400000000000002;24.400000000000002;24.400000000000002;24.400000000000002
263;-9879;12;1922;15;23.5;23.5;23.5;23.5
264;-9848;1;1923;15;22.700000000000003;22.700000000000003;22.700000000000003;22.700000000000003
265;-9817;2;1923;15;22.6;22.6;22.6;22.6
266;-9789;3;1923;15;22.6;22.6;22.6;22.6
267;-9758;4;1923;15;23.1;23.1;23.1;23.1
268;-9728;5;1923;15;25.3;25.3;25.3;25.3
269;-9697;6;1923;15;24.8;24.8;24.8;24.8
270;-9667;7;1923;15;25.3;25.3;25.3;25.3
271;-9636;8;1923;15;25.6;25.6;25.6;25.6
272;-9605;9;1923;15;25.6;25.6;25.6;25.6
273;-9575;10;1923;15;25.3;25.3;25.3;25.3
274;-9544;11;1923;15;24.700000000000003;24.700000000000003;24.700000000000003;24.700000000000003
275;-9514;12;1923;15;23.400000000000002;23.400000000000002;23.400000000000002;23.400000000000002
276;-9483;1;1924;15;23.1;23.1;23.1;23.1
277;-9452;2;1924;15;22.8;22.8;22.8;22.8
278;-9423;3;1924;15;23.6;23.6;23.6;23.6
279;-9392;4;1924;15;24.0;24.0;24.0;24.0
280;-9362;5;1924;15;25.200000000000003;25.200000000000003;25.200000000000003;25.200000000000003
281;-9331;6;1924;15;25.1;25.1;25.1;25.1
282;-9301;7;1924;15;25.400000000000002;25.400000000000002;25.400000000000002;25.400000000000002
283;-9270;8;1924;15;25.700000000000003;25.700000000000003;25.700000000000003;25.700000000000003
284;-9239;9;1924;15;25.6;25.6;25.6;25.6
285;-9209;10;1924;15;25.200000000000003;25.200000000000003;25.200000000000003;25.200000000000003
286;-9178;11;1924;15;24.900000000000002;24.900000000000002;24.900000000000002;24.900000000000002
287;-9148;12;1924;15;24.0;24.0;24.0;24.0
288;-9117;1;1925;15;23.0;23.0;23.0;23.0
289;-9086;2;1925;15;22.5;22.5;22.5;22.5
290;-9058;3;1925;15;22.900000000000002;22.900000000000002;22.900000000000002;22.900000000000002
291;-9027;4;1925;15;23.8;23.8;23.8;23.8
292;-8997;5;1925;15;25.1;25.1;25.1;25.1
293;-8966;6;1925;15;25.200000000000003;25.200000000000003;25.200000000000003;25.200000000000003
294;-8936;7;1925;15;25.200000000000003;25.200000000000003;25.200000000000003;25.200000000000003
295;-8905;8;1925;15;25.8;25.8;25.8;25.8
296;-8874;9;1925;15;25.700000000000003;25.700000000000003;25.700000000000003;25.700000000000003
297;-8844;10;1925;15;25.400000000000002;25.400000000000002;25.400000000000002;25.400000000000002
298;-8813;11;1925;15;24.8;24.8;24.8;24.8
299;-8783;12;1925;15;24.0;24.0;24.0;24.0
300;-8752;1;1926;15;23.5;23.5;23.5;23.5
301;-8721;2;1926;15;23.200000000000003;23.200000000000003;23.200000000000003;23.200000000000003
302;-8693;3;1926;15;23.6;23.6;23.6;23.6
303;-8662;4;1926;15;23.8;23.8;23.8;23.8
304;-8632;5;1926;15;25.3;25.3;25.3;25.3
305;-8601;6;1926;15;25.5;25.5;25.5;25.5
306;-8571;7;1926;15;25.6;25.6;25.6;25.6
307;-8540;8;1926;15;25.700000000000003;25.700000000000003;25.700000000000003;25.700000000000003
308;-8509;9;1926;15;25.6;25.6;25.6;25.6
309;-8479;10;1926;15;25.1;25.1;25.1;25.1
310;-8448;11;1926;15;24.8;24.8;24.8;24.8
311;-8418;12;1926;15;23.700000000000003;23.700000000000003;23.700000000000003;23.700000000000003
312;-8387;1;1927;15;23.200000000000003;23.200000000000003;23.200000000000003;23.200000000000003
313;-8356;2;1927;15;22.5;22.5;22.5;22.5
314;-8328;3;1927;15;23.0;23.0;23.0;23.0
315;-8297;4;1927;15;23.200000000000003;23.200000000000003;23.200000000000003;23.200000000000003
316;-8267;5;1927;15;24.6;24.6;24.6;24.6
317;-8236;6;1927;15;25.0;25.0;25.0;25.0
318;-8206;7;1927;15;25.400000000000002;25.400000000000002;25.400000000000002;25.400000000000002
319;-8175;8;1927;15;25.5;25.5;25.5;25.5
320;-8144;9;1927;15;25.700000000000003;25.700000000000003;25.700000000000003;25.700000000000003
321;-8114;10;1927;15;25.200000000000003;25.200000000000003;25.200000000000003;25.200000000000003
322;-8083;11;1927;15;24.700000000000003;24.700000000000003;24.700000000000003;24.700000000000003
323;-8053;12;1927;15;23.8;23.8;23.8;23.8
324;-8022;1;1928;15;23.0;23.0;23.0;23.0
325;-7991;2;1928;15;22.900000000000002;22.900000000000002;22.900000000000002;22.900000000000002
326;-7962;3;1928;15;23.0;23.0;23.0;23.0
327;-7931;4;1928;15;23.1;23.1;23.1;23.1
328;-7901;5;1928;15;24.900000000000002;24.900000000000002;24.900000000000002;24.900000000000002
329;-7870;6;1928;15;25.200000000000003;25.200000000000003;25.200000000000003;25.200000000000003
330;-7840;7;1928;15;25.400000000000002;25.400000000000002;25.400000000000002;25.400000000000002
331;-7809;8;1928;15;25.6;25.6;25.6;25.6
332;-7778;9;1928;15;25.400000000000002;25.400000000000002;25.400000000000002;25.400000000000002
333;-7748;10;1928;15;25.1;25.1;25.1;25.1
334;-7717;11;1928;15;24.900000000000002;24.900000000000002;24.900000000000002;24.900000000000002
335;-7687;12;1928;15;23.8;23.8;23.8;23.8
336;-7656;1;1929;15;23.1;23.1;23.1;23.1
337;-7625;2;1929;15;22.900000000000002;22.900000000000002;22.900000000000002;22.900000000000002
338;-7597;3;1929;15;23.0;23.0;23.0;23.0
339;-7566;4;1929;15;23.200000000000003;23.200000000000003;23.200000000000003;23.200000000000003
340;-7536;5;1929;15;24.0;24.0;24.0;24.0
341;-7505;6;1929;15;25.0;25.0;25.0;25.0
342;-7475;7;1929;15;25.5;25.5;25.5;25.5
343;-7444;8;1929;15;25.400000000000002;25.400000000000002;25.400000000000002;25.400000000000002
344;-7413;9;1929;15;25.3;25.3;25.3;25.3
345;-7383;10;1929;15;25.1;25.1;25.1;25.1
346;-7352;11;1929;15;24.400000000000002;24.400000000000002;24.400000000000002;24.400000000000002
347;-7322;12;1929;15;23.700000000000003;23.700000000000003;23.700000000000003;23.700000000000003
348;-7291;1;1930;15;23.0;23.0;23.0;23.0
349;-7260;2;1930;15;22.8;22.8;22.8;22.8
350;-7232;3;1930;15;23.3;23.3;23.3;23.3
351;-7201;4;1930;15;23.6;23.6;23.6;23.6
352;-7171;5;1930;15;25.1;25.1;25.1;25.1
353;-7140;6;1930;15;25.3;25.3;25.3;25.3
354;-7110;7;1930;15;25.6;25.6;25.6;25.6
355;-7079;8;1930;15;25.900000000000002;25.900000000000002;25.900000000000002;25.900000000000002
356;-7048;9;1930;15;25.6;25.6;25.6;25.6
357;-7018;10;1930;15;25.400000000000002;25.400000000000002;25.400000000000002;25.400000000000002
358;-6987;11;1930;15;25.0;25.0;25.0;25.0
359;-6957;12;1930;15;24.200000000000003;24.200000000000003;24.200000000000003;24.200000000000003
360;-6926;1;1931;15;23.6;23.6;23.6;23.6
361;-6895;2;1931;15;23.3;23.3;23.3;23.3
362;-6867;3;1931;15;24.3;24.3;24.3;24.3
363;-6836;4;1931;15;24.200000000000003;24.200000000000003;24.200000000000003;24.200000000000003
364;-6806;5;1931;15;26.0;26.0;26.0;26.0
365;-6775;6;1931;15;26.0;26.0;26.0;26.0
366;-6745;7;1931;15;26.1;26.1;26.1;26.1
367;-6714;8;1931;15;26.1;26.1;26.1;26.1
368;-6683;9;1931;15;25.8;25.8;25.8;25.8
369;-6653;10;1931;15;25.6;25.6;25.6;25.6
370;-6622;11;1931;15;25.0;25.0;25.0;25.0
371;-6592;12;1931;15;24.200000000000003;24.200000000000003;24.200000000000003;24.200000000000003
372;-6561;1;1932;15;23.3;23.3;23.3;23.3
373;-6530;2;1932;15;22.900000000000002;22.900000000000002;22.900000000000002;22.900000000000002
374;-6501;3;1932;15;23.700000000000003;23.700000000000003;23.700000000000003;23.700000000000003
375;-6470;4;1932;15;24.1;24.1;24.1;24.1
376;-6440;5;1932;15;25.1;25.1;25.1;25.1
377;-6409;6;1932;15;25.8;25.8;25.8;25.8
378;-6379;7;1932;15;25.8;25.8;25.8;25.8
379;-6348;8;1932;15;26.3;26.3;26.3;26.3
380;-6317;9;1932;15;26.400000000000002;26.400000000000002;26.400000000000002;26.400000000000002
381;-6287;10;1932;15;25.8;25.8;25.8;25.8
382;-6256;11;1932;15;25.200000000000003;25.200000000000003;25.200000000000003;25.200000000000003
383;-6226;12;1932;15;24.400000000000002;24.400000000000002;24.400000000000002;24.400000000000002
384;-6195;1;1933;15;23.400000000000002;23.400000000000002;23.400000000000002;23.400000000000002
385;-6164;2;1933;15;23.0;23.0;23.0;23.0
386;-6136;3;1933;15;23.400000000000002;23.400000000000002;23.400000000000002;23.400000000000002
387;-6105;4;1933;15;23.8;23.8;23.8;23.8
388;-6075;5;1933;15;25.200000000000003;25.200000000000003;25.200000000000003;25.200000000000003
389;-6044;6;1933;15;25.700000000000003;25.700000000000003;25.700000000000003;25.700000000000003
390;-6014;7;1933;15;25.8;25.8;25.8;25.8
391;-5983;8;1933;15;26.0;26.0;26.0;26.0
392;-5952;9;1933;15;25.6;25.6;25.6;25.6
393;-5922;10;1933;15;25.6;25.6;25.6;25.6
394;-5891;11;1933;15;25.0;25.0;25.0;25.0
395;-5861;12;1933;15;24.0;24.0;24.0;24.0
396;-5830;1;1934;15;23.1;23.1;23.1;23.1
397;-5799;2;1934;15;23.0;23.0;23.0;23.0
398;-5771;3;1934;15;23.0;23.0;23.0;23.0
399;-5740;4;1934;15;23.700000000000003;23.700000000000003;23.700000000000003;23.700000000000003
400;-5710;5;1934;15;25.0;25.0;25.0;25.0
401;-5679;6;1934;15;25.5;25.5;25.5;25.5
402;-5649;7;1934;15;25.3;25.3;25.3;25.3
403;-5618;8;1934;15;25.700000000000003;25.700000000000003;25.700000000000003;25.700000000000003
404;-5587;9;1934;15;25.6;25.6;25.6;25.6
405;-5557;10;1934;15;25.6;25.6;25.6;25.6
406;-5526;11;1934;15;24.8;24.8;24.8;24.8
407;-5496;12;1934;15;24.1;24.1;24.1;24.1
408;-5465;1;1935;15;23.5;23.5;23.5;23.5
409;-5434;2;1935;15;23.200000000000003;23.200000000000003;23.200000000000003;23.200000000000003
410;-5406;3;1935;15;23.0;23.0;23.0;23.0
411;-5375;4;1935;15;23.6;23.6;23.6;23.6
412;-5345;5;1935;15;24.6;24.6;24.6;24.6
413;-5314;6;1935;15;25.900000000000002;25.900000000000002;25.900000000000002;25.900000000000002
414;-5284;7;1935;15;25.6;25.6;25.6;25.6
415;-5253;8;1935;15;25.5;25.5;25.5;25.5
416;-5222;9;1935;15;25.3;25.3;25.3;25.3
417;-5192;10;1935;15;25.3;25.3;25.3;25.3
418;-5161;11;1935;15;25.0;25.0;25.0;25.0
419;-5131;12;1935;15;23.400000000000002;23.400000000000002;23.400000000000002;23.400000000000002
420;-5100;1;1936;15;23.400000000000002;23.400000000000002;23.400000000000002;23.400000000000002
421;-5069;2;1936;15;23.3;23.3;23.3;23.3
422;-5040;3;1936;15;23.700000000000003;23.700000000000003;23.700000000000003;23.700000000000003
423;-5009;4;1936;15;24.200000000000003;24.200000000000003;24.200000000000003;24.200000000000003
424;-4979;5;1936;15;25.400000000000002;25.400000000000002;25.400000000000002;25.400000000000002
425;-4948;6;1936;15;25.8;25.8;25.8;25.8
426;-4918;7;1936;15;25.6;25.6;25.6;25.6
427;-4887;8;1936;15;25.8;25.8;25.8;25.8
428;-4856;9;1936;15;26.1;26.1;26.1;26.1
429;-4826;10;1936;15;25.400000000000002;25.400000000000002;25.400000000000002;25.400000000000002
430;-4795;11;1936;15;24.6;24.6;24.6;24.6
431;-4765;12;1936;15;23.700000000000003;23.700000000000003;23.700000000000003;23.700000000000003
432;-4734;1;1937;15;22.8;22.8;22.8;22.8
433;-4703;2;1937;15;22.900000000000002;22.900000000000002;22.900000000000002;22.900000000000002
434;-4675;3;1937;15;23.700000000000003;23.700000000000003;23.700000000000003;23.700000000000003
435;-4644;4;1937;15;24.0;24.0;24.0;24.0
436;-4614;5;1937;15;25.8;25.8;25.8;25.8
437;-4583;6;1937;15;25.900000000000002;25.900000000000002;25.900000000000002;25.900000000000002
438;-4553;7;1937;15;26.0;26.0;26.0;26.0
439;-4522;8;1937;15;26.200000000000003;26.200000000000003;26.200000000000003;26.200000000000003
440;-4491;9;1937;15;26.6;26.6;26.6;26.6
441;-4461;10;1937;15;25.700000000000003;25.700000000000003;25.700000000000003;25.700000000000003
442;-4430;11;1937;15;25.700000000000003;25.700000000000003;25.700000000000003;25.700000000000003
443;-4400;12;1937;15;24.3;24.3;24.3;24.3
444;-4369;1;1938;15;23.200000000000003;23.200000000000003;23.200000000000003;23.200000000000003
445;-4338;2;1938;15;22.6;22.6;22.6;22.6
446;-4310;3;1938;15;23.1;23.1;23.1;23.1
447;-4279;4;1938;15;23.1;23.1;23.1;23.1
448;-4249;5;1938;15;24.700000000000003;24.700000000000003;24.700000000000003;24.700000000000003
449;-4218;6;1938;15;25.0;25.0;25.0;25.0
450;-4188;7;1938;15;25.5;25.5;25.5;25.5
451;-4157;8;1938;15;25.8;25.8;25.8;25.8
452;-4126;9;1938;15;25.8;25.8;25.8;25.8
453;-4096;10;1938;15;25.6;25.6;25.6;25.6
454;-4065;11;1938;15;24.400000000000002;24.400000000000002;24.400000000000002;24.400000000000002
455;-4035;12;1938;15;24.1;24.1;24.1;24.1
456;-4004;1;1939;15;23.1;23.1;23.1;23.1
457;-3973;2;1939;15;22.5;22.5;22.5;22.5
458;-3945;3;1939;15;23.6;23.6;23.6;23.6
459;-3914;4;1939;15;23.200000000000003;23.200000000000003;23.200000000000003;23.200000000000003
460;-3884;5;1939;15;24.5;24.5;24.5;24.5
461;-3853;6;1939;15;25.0;25.0;25.0;25.0
462;-3823;7;1939;15;25.5;25.5;25.5;25.5
463;-3792;8;1939;15;26.0;26.0;26.0;26.0
464;-3761;9;1939;15;26.1;26.1;26.1;26.1
465;-3731;10;1939;15;25.900000000000002;25.900000000000002;25.900000000000002;25.900000000000002
466;-3700;11;1939;15;25.400000000000002;25.400000000000002;25.400000000000002;25.400000000000002
467;-3670;12;1939;15;24.6;24.6;24.6;24.6
468;-3639;1;1940;15;24.1;24.1;24.1;24.1
469;-3608;2;1940;15;23.8;23.8;23.8;23.8
470;-3579;3;1940;15;24.0;24.0;24.0;24.0
471;-3548;4;1940;15;24.700000000000003;24.700000000000003;24.700000000000003;24.700000000000003
472;-3518;5;1940;15;25.700000000000003;25.700000000000003;25.700000000000003;25.700000000000003
473;-3487;6;1940;15;25.8;25.8;25.8;25.8
474;-3457;7;1940;15;25.900000000000002;25.900000000000002;25.900000000000002;25.900000000000002
475;-3426;8;1940;15;26.200000000000003;26.200000000000003;26.200000000000003;26.200000000000003
476;-3395;9;1940;15;26.400000000000002;26.400000000000002;26.400000000000002;26.400000000000002
477;-3365;10;1940;15;26.3;26.3;26.3;26.3
478;-3334;11;1940;15;25.6;25.6;25.6;25.6
479;-3304;12;1940;15;24.400000000000002;24.400000000000002;24.400000000000002;24.400000000000002
480;-3273;1;1941;15;23.8;23.8;23.8;23.8
481;-3242;2;1941;15;24.5;24.5;24.5;24.5
482;-3214;3;1941;15;24.5;24.5;24.5;24.5
483;-3183;4;1941;15;24.8;24.8;24.8;24.8
484;-3153;5;1941;15;25.700000000000003;25.700000000000003;25.700000000000003;25.700000000000003
485;-3122;6;1941;15;25.6;25.6;25.6;25.6
486;-3092;7;1941;15;25.400000000000002;25.400000000000002;25.400000000000002;25.400000000000002
487;-3061;8;1941;15;26.0;26.0;26.0;26.0
488;-3030;9;1941;15;26.0;26.0;26.0;26.0
489;-3000;10;1941;15;26.0;26.0;26.0;26.0
490;-2969;11;1941;15;25.3;25.3;25.3;25.3
491;-2939;12;1941;15;24.6;24.6;24.6;24.6
492;-2908;1;1942;15;24.1;24.1;24.1;24.1
493;-2877;2;1942;15;24.1;24.1;24.1;24.1
494;-2849;3;1942;15;24.400000000000002;24.400000000000002;24.400000000000002;24.400000000000002
495;-2818;4;1942;15;24.8;24.8;24.8;24.8
496;-2788;5;1942;15;25.6;25.6;25.6;25.6
497;-2757;6;1942;15;26.0;26.0;26.0;26.0
498;-2727;7;1942;15;25.900000000000002;25.900000000000002;25.900000000000002;25.900000000000002
499;-2696;8;1942;15;26.0;26.0;26.0;26.0
500;-2665;9;1942;15;26.1;26.1;26.1;26.1
501;-2635;10;1942;15;26.3;26.3;26.3;26.3
502;-2604;11;1942;15;25.400000000000002;25.400000000000002;25.400000000000002;25.400000000000002
503;-2574;12;1942;15;24.5;24.5;24.5;24.5
504;-2543;1;1943;15;23.6;23.6;23.6;23.6
505;-2512;2;1943;15;23.5;23.5;23.5;23.5
506;-2484;3;1943;15;23.1;23.1;23.1;23.1
507;-2453;4;1943;15;24.0;24.0;24.0;24.0
508;-2423;5;1943;15;24.400000000000002;24.400000000000002;24.400000000000002;24.400000000000002
509;-2392;6;1943;15;25.1;25.1;25.1;25.1
510;-2362;7;1943;15;25.5;25.5;25.5;25.5
511;-2331;8;1943;15;25.700000000000003;25.700000000000003;25.700000000000003;25.700000000000003
512;-2300;9;1943;15;26.200000000000003;26.200000000000003;26.200000000000003;26.200000000000003
513;-2270;10;1943;15;25.900000000000002;25.900000000000002;25.900000000000002;25.900000000000002
514;-2239;11;1943;15;25.1;25.1;25.1;25.1
515;-2209;12;1943;15;24.1;24.1;24.1;24.1
516;-2178;1;1944;15;23.6;23.6;23.6;23.6
517;-2147;2;1944;15;23.3;23.3;23.3;23.3
518;-2118;3;1944;15;23.5;23.5;23.5;23.5
519;-2087;4;1944;15;24.1;24.1;24.1;24.1
520;-2057;5;1944;15;24.6;24.6;24.6;24.6
521;-2026;6;1944;15;25.3;25.3;25.3;25.3
522;-1996;7;1944;15;25.700000000000003;25.700000000000003;25.700000000000003;25.700000000000003
523;-1965;8;1944;15;26.200000000000003;26.200000000000003;26.200000000000003;26.200000000000003
524;-1934;9;1944;15;26.1;26.1;26.1;26.1
525;-1904;10;1944;15;25.900000000000002;25.900000000000002;25.900000000000002;25.900000000000002
526;-1873;11;1944;15;25.1;25.1;25.1;25.1
527;-1843;12;1944;15;24.1;24.1;24.1;24.1
528;-1812;1;1945;15;23.1;23.1;23.1;23.1
529;-1781;2;1945;15;22.900000000000002;22.900000000000002;22.900000000000002;22.900000000000002
530;-1753;3;1945;15;23.1;23.1;23.1;23.1
531;-1722;4;1945;15;23.1;23.1;23.1;23.1
532;-1692;5;1945;15;24.5;24.5;24.5;24.5
533;-1661;6;1945;15;25.5;25.5;25.5;25.5
534;-1631;7;1945;15;25.700000000000003;25.700000000000003;25.700000000000003;25.700000000000003
535;-1600;8;1945;15;25.900000000000002;25.900000000000002;25.900000000000002;25.900000000000002
536;-1569;9;1945;15;25.900000000000002;25.900000000000002;25.900000000000002;25.900000000000002
537;-1539;10;1945;15;25.400000000000002;25.400000000000002;25.400000000000002;25.400000000000002
538;-1508;11;1945;15;24.700000000000003;24.700000000000003;24.700000000000003;24.700000000000003
539;-1478;12;1945;15;24.1;24.1;24.1;24.1
540;-1447;1;1946;15;23.3;23.3;23.3;23.3
541;-1416;2;1946;15;22.700000000000003;22.700000000000003;22.700000000000003;22.700000000000003
542;-1388;3;1946;15;23.3;23.3;23.3;23.3
543;-1357;4;1946;15;23.6;23.6;23.6;23.6
544;-1327;5;1946;15;24.3;24.3;24.3;24.3
545;-1296;6;1946;15;25.1;25.1;25.1;25.1
546;-1266;7;1946;15;25.400000000000002;25.400000000000002;25.400000000000002;25.400000000000002
547;-1235;8;1946;15;25.900000000000002;25.900000000000002;25.900000000000002;25.900000000000002
548;-1204;9;1946;15;25.900000000000002;25.900000000000002;25.900000000000002;25.900000000000002
549;-1174;10;1946;15;25.900000000000002;25.900000000000002;25.900000000000002;25.900000000000002
550;-1143;11;1946;15;25.200000000000003;25.200000000000003;25.200000000000003;25.200000000000003
551;-1113;12;1946;15;24.400000000000002;24.400000000000002;24.400000000000002;24.400000000000002
552;-1082;1;1947;15;23.3;23.3;23.3;23.3
553;-1051;2;1947;15;23.8;23.8;23.8;23.8
554;-1023;3;1947;15;24.1;24.1;24.1;24.1
555;-992;4;1947;15;23.900000000000002;23.900000000000002;23.900000000000002;23.900000000000002
556;-962;5;1947;15;24.8;24.8;24.8;24.8
557;-931;6;1947;15;25.6;25.6;25.6;25.6
558;-901;7;1947;15;25.700000000000003;25.700000000000003;25.700000000000003;25.700000000000003
559;-870;8;1947;15;26.1;26.1;26.1;26.1
560;-839;9;1947;15;26.1;26.1;26.1;26.1
561;-809;10;1947;15;26.3;26.3;26.3;26.3
562;-778;11;1947;15;25.400000000000002;25.400000000000002;25.400000000000002;25.400000000000002
563;-748;12;1947;15;24.400000000000002;24.400000000000002;24.400000000000002;24.400000000000002
564;-717;1;1948;15;23.8;23.8;23.8;23.8
565;-686;2;1948;15;23.5;23.5;23.5;23.5
566;-657;3;1948;15;23.5;23.5;23.5;23.5
567;-626;4;1948;15;23.900000000000002;23.900000000000002;23.900000000000002;23.900000000000002
568;-596;5;1948;15;25.8;25.8;25.8;25.8
569;-565;6;1948;15;26.5;26.5;26.5;26.5
570;-535;7;1948;15;26.1;26.1;26.1;26.1
571;-504;8;1948;15;26.400000000000002;26.400000000000002;26.400000000000002;26.400000000000002
572;-473;9;1948;15;26.200000000000003;26.200000000000003;26.200000000000003;26.200000000000003
573;-443;10;1948;15;25.8;25.8;25.8;25.8
574;-412;11;1948;15;25.200000000000003;25.200000000000003;25.200000000000003;25.200000000000003
575;-382;12;1948;15;24.200000000000003;24.200000000000003;24.200000000000003;24.200000000000003
576;-351;1;1949;15;22.900000000000002;22.900000000000002;22.900000000000002;22.900000000000002
577;-320;2;1949;15;22.900000000000002;22.900000000000002;22.900000000000002;22.900000000000002
578;-292;3;1949;15;23.400000000000002;23.400000000000002;23.400000000000002;23.400000000000002
579;-261;4;1949;15;24.3;24.3;24.3;24.3
580;-231;5;1949;15;25.5;25.5;25.5;25.5
581;-200;6;1949;15;25.700000000000003;25.700000000000003;25.700000000000003;25.700000000000003
582;-170;7;1949;15;25.700000000000003;25.700000000000003;25.700000000000003;25.700000000000003
583;-139;8;1949;15;26.6;26.6;26.6;26.6
584;-108;9;1949;15;26.1;26.1;26.1;26.1
585;-78;10;1949;15;25.6;25.6;25.6;25.6
586;-47;11;1949;15;25.0;25.0;25.0;25.0
587;-17;12;1949;15;23.700000000000003;23.700000000000003;23.700000000000003;23.700000000000003
588;14;1;1950;15;22.6;22.6;22.6;22.6
589;45;2;1950;15;22.900000000000002;22.900000000000002;22.900000000000002;22.900000000000002
590;73;3;1950;15;22.8;22.8;22.8;22.8
591;104;4;1950;15;23.5;23.5;23.5;23.5
592;134;5;1950;15;24.5;24.5;24.5;24.5
593;165;6;1950;15;25.3;25.3;25.3;25.3
594;195;7;1950;15;25.6;25.6;25.6;25.6
595;226;8;1950;15;26.0;26.0;26.0;26.0
596;257;9;1950;15;26.1;26.1;26.1;26.1
597;287;10;1950;15;25.8;25.8;25.8;25.8
598;318;11;1950;15;25.1;25.1;25.1;25.1
599;348;12;1950;15;24.0;24.0;24.0;24.0
600;379;1;1951;15;23.0;23.0;23.0;23.0
601;410;2;1951;15;22.700000000000003;22.700000000000003;22.700000000000003;22.700000000000003
602;438;3;1951;15;22.700000000000003;22.700000000000003;22.700000000000003;22.700000000000003
603;469;4;1951;15;24.0;24.0;24.0;24.0
604;499;5;1951;15;25.400000000000002;25.400000000000002;25.400000000000002;25.400000000000002
605;530;6;1951;15;25.400000000000002;25.400000000000002;25.400000000000002;25.400000000000002
606;560;7;1951;15;25.6;25.6;25.6;25.6
607;591;8;1951;15;26.200000000000003;26.200000000000003;26.200000000000003;26.200000000000003
608;622;9;1951;15;25.900000000000002;25.900000000000002;25.900000000000002;25.900000000000002
609;652;10;1951;15;25.700000000000003;25.700000000000003;25.700000000000003;25.700000000000003
610;683;11;1951;15;25.200000000000003;25.200000000000003;25.200000000000003;25.200000000000003
611;713;12;1951;15;24.1;24.1;24.1;24.1
612;744;1;1952;15;22.8;22.8;22.8;22.8
613;775;2;1952;15;23.0;23.0;23.0;23.0
614;804;3;1952;15;23.3;23.3;23.3;23.3
615;835;4;1952;15;24.3;24.3;24.3;24.3
616;865;5;1952;15;25.1;25.1;25.1;25.1
617;896;6;1952;15;25.6;25.6;25.6;25.6
618;926;7;1952;15;25.3;25.3;25.3;25.3
619;957;8;1952;15;26.0;26.0;26.0;26.0
620;988;9;1952;15;25.3;25.3;25.3;25.3
621;1018;10;1952;15;25.6;25.6;25.6;25.6
622;1049;11;1952;15;24.6;24.6;24.6;24.6
623;1079;12;1952;15;23.1;23.1;23.1;23.1
624;1110;1;1953;15;22.8;22.8;22.8;22.8
625;1141;2;1953;15;23.0;23.0;23.0;23.0
626;1169;3;1953;15;23.3;23.3;23.3;23.3
627;1200;4;1953;15;24.0;24.0;24.0;24.0
628;1230;5;1953;15;24.900000000000002;24.900000000000002;24.900000000000002;24.900000000000002
629;1261;6;1953;15;25.6;25.6;25.6;25.6
630;1291;7;1953;15;26.0;26.0;26.0;26.0
631;1322;8;1953;15;25.900000000000002;25.900000000000002;25.900000000000002;25.900000000000002
632;1353;9;1953;15;25.8;25.8;25.8;25.8
633;1383;10;1953;15;25.1;25.1;25.1;25.1
634;1414;11;1953;15;24.5;24.5;24.5;24.5
635;1444;12;1953;15;23.900000000000002;23.900000000000002;23.900000000000002;23.900000000000002
636;1475;1;1954;15;22.900000000000002;22.900000000000002;22.900000000000002;22.900000000000002
637;1506;2;1954;15;23.0;23.0;23.0;23.0
638;1534;3;1954;15;23.5;23.5;23.5;23.5
639;1565;4;1954;15;23.700000000000003;23.700000000000003;23.700000000000003;23.700000000000003
640;1595;5;1954;15;24.900000000000002;24.900000000000002;24.900000000000002;24.900000000000002
641;1626;6;1954;15;25.6;25.6;25.6;25.6
642;1656;7;1954;15;25.8;25.8;25.8;25.8
643;1687;8;1954;15;25.6;25.6;25.6;25.6
644;1718;9;1954;15;25.400000000000002;25.400000000000002;25.400000000000002;25.400000000000002
645;1748;10;1954;15;24.8;24.8;24.8;24.8
646;1779;11;1954;15;24.3;24.3;24.3;24.3
647;1809;12;1954;15;23.400000000000002;23.400000000000002;23.400000000000002;23.400000000000002
648;1840;1;1955;15;22.8;22.8;22.8;22.8
649;1871;2;1955;15;23.200000000000003;23.200000000000003;23.200000000000003;23.200000000000003
650;1899;3;1955;15;22.8;22.8;22.8;22.8
651;1930;4;1955;15;23.3;23.3;23.3;23.3
652;1960;5;1955;15;25.0;25.0;25.0;25.0
653;1991;6;1955;15;25.6;25.6;25.6;25.6
654;2021;7;1955;15;25.5;25.5;25.5;25.5
655;2052;8;1955;15;26.1;26.1;26.1;26.1
656;2083;9;1955;15;25.8;25.8;25.8;25.8
657;2113;10;1955;15;25.400000000000002;25.400000000000002;25.400000000000002;25.400000000000002
658;2144;11;1955;15;25.1;25.1;25.1;25.1
659;2174;12;1955;15;23.900000000000002;23.900000000000002;23.900000000000002;23.900000000000002
660;2205;1;1956;15;23.200000000000003;23.200000000000003;23.200000000000003;23.200000000000003
661;2236;2;1956;15;23.1;23.1;23.1;23.1
662;2265;3;1956;15;23.700000000000003;23.700000000000003;23.700000000000003;23.700000000000003
663;2296;4;1956;15;24.3;24.3;24.3;24.3
664;2326;5;1956;15;24.5;24.5;24.5;24.5
665;2357;6;1956;15;25.1;25.1;25.1;25.1
666;2387;7;1956;15;25.3;25.3;25.3;25.3
667;2418;8;1956;15;25.5;25.5;25.5;25.5
668;2449;9;1956;15;25.5;25.5;25.5;25.5
669;2479;10;1956;15;25.1;25.1;25.1;25.1
670;2510;11;1956;15;24.6;24.6;24.6;24.6
671;2540;12;1956;15;23.8;23.8;23.8;23.8
672;2571;1;1957;15;23.1;23.1;23.1;23.1
673;2602;2;1957;15;23.400000000000002;23.400000000000002;23.400000000000002;23.400000000000002
674;2630;3;1957;15;23.3;23.3;23.3;23.3
675;2661;4;1957;15;23.700000000000003;23.700000000000003;23.700000000000003;23.700000000000003
676;2691;5;1957;15;24.8;24.8;24.8;24.8
677;2722;6;1957;15;25.8;25.8;25.8;25.8
678;2752;7;1957;15;26.200000000000003;26.200000000000003;26.200000000000003;26.200000000000003
679;2783;8;1957;15;26.0;26.0;26.0;26.0
680;2814;9;1957;15;25.900000000000002;25.900000000000002;25.900000000000002;25.900000000000002
681;2844;10;1957;15;25.200000000000003;25.200000000000003;25.200000000000003;25.200000000000003
682;2875;11;1957;15;24.8;24.8;24.8;24.8
683;2905;12;1957;15;24.1;24.1;24.1;24.1
684;2936;1;1958;15;23.200000000000003;23.200000000000003;23.200000000000003;23.200000000000003
685;2967;2;1958;15;22.8;22.8;22.8;22.8
686;2995;3;1958;15;24.3;24.3;24.3;24.3
687;3026;4;1958;15;25.400000000000002;25.400000000000002;25.400000000000002;25.400000000000002
688;3056;5;1958;15;25.700000000000003;25.700000000000003;25.700000000000003;25.700000000000003
689;3087;6;1958;15;25.6;25.6;25.6;25.6
690;3117;7;1958;15;26.200000000000003;26.200000000000003;26.200000000000003;26.200000000000003
691;3148;8;1958;15;26.5;26.5;26.5;26.5
692;3179;9;1958;15;26.3;26.3;26.3;26.3
693;3209;10;1958;15;25.5;25.5;25.5;25.5
694;3240;11;1958;15;24.900000000000002;24.900000000000002;24.900000000000002;24.900000000000002
695;3270;12;1958;15;24.200000000000003;24.200000000000003;24.200000000000003;24.200000000000003
696;3301;1;1959;15;23.8;23.8;23.8;23.8
697;3332;2;1959;15;23.400000000000002;23.400000000000002;23.400000000000002;23.400000000000002
698;3360;3;1959;15;24.200000000000003;24.200000000000003;24.200000000000003;24.200000000000003
699;3391;4;1959;15;24.700000000000003;24.700000000000003;24.700000000000003;24.700000000000003
700;3421;5;1959;15;24.3;24.3;24.3;24.3
701;3452;6;1959;15;24.900000000000002;24.900000000000002;24.900000000000002;24.900000000000002
702;3482;7;1959;15;25.700000000000003;25.700000000000003;25.700000000000003;25.700000000000003
703;3513;8;1959;15;25.900000000000002;25.900000000000002;25.900000000000002;25.900000000000002
704;3544;9;1959;15;26.0;26.0;26.0;26.0
705;3574;10;1959;15;25.6;25.6;25.6;25.6
706;3605;11;1959;15;24.6;24.6;24.6;24.6
707;3635;12;1959;15;24.400000000000002;24.400000000000002;24.400000000000002;24.400000000000002
708;3666;1;1960;15;23.400000000000002;23.400000000000002;23.400000000000002;23.400000000000002
709;3697;2;1960;15;23.400000000000002;23.400000000000002;23.400000000000002;23.400000000000002
710;3726;3;1960;15;23.700000000000003;23.700000000000003;23.700000000000003;23.700000000000003
711;3757;4;1960;15;24.3;24.3;24.3;24.3
712;3787;5;1960;15;25.5;25.5;25.5;25.5
713;3818;6;1960;15;26.1;26.1;26.1;26.1
714;3848;7;1960;15;25.8;25.8;25.8;25.8
715;3879;8;1960;15;25.8;25.8;25.8;25.8
716;3910;9;1960;15;25.200000000000003;25.200000000000003;25.200000000000003;25.200000000000003
717;3940;10;1960;15;25.700000000000003;25.700000000000003;25.700000000000003;25.700000000000003
718;3971;11;1960;15;24.700000000000003;24.700000000000003;24.700000000000003;24.700000000000003
719;4001;12;1960;15;23.6;23.6;23.6;23.6
720;4032;1;1961;15;23.700000000000003;23.700000000000003;23.700000000000003;23.700000000000003
721;4063;2;1961;15;23.5;23.5;23.5;23.5
722;4091;3;1961;15;23.3;23.3;23.3;23.3
723;4122;4;1961;15;24.0;24.0;24.0;24.0
724;4152;5;1961;15;25.0;25.0;25.0;25.0
725;4183;6;1961;15;25.5;25.5;25.5;25.5
726;4213;7;1961;15;25.400000000000002;25.400000000000002;25.400000000000002;25.400000000000002
727;4244;8;1961;15;26.0;26.0;26.0;26.0
728;4275;9;1961;15;26.400000000000002;26.400000000000002;26.400000000000002;26.400000000000002
729;4305;10;1961;15;25.1;25.1;25.1;25.1
730;4336;11;1961;15;24.200000000000003;24.200000000000003;24.200000000000003;24.200000000000003
731;4366;12;1961;15;24.200000000000003;24.200000000000003;24.200000000000003;24.200000000000003
732;4397;1;1962;15;23.700000000000003;23.700000000000003;23.700000000000003;23.700000000000003
733;4428;2;1962;15;22.700000000000003;22.700000000000003;22.700000000000003;22.700000000000003
734;4456;3;1962;15;23.5;23.5;23.5;23.5
735;4487;4;1962;15;23.8;23.8;23.8;23.8
736;4517;5;1962;15;24.400000000000002;24.400000000000002;24.400000000000002;24.400000000000002
737;4548;6;1962;15;25.6;25.6;25.6;25.6
738;4578;7;1962;15;26.1;26.1;26.1;26.1
739;4609;8;1962;15;25.900000000000002;25.900000000000002;25.900000000000002;25.900000000000002
740;4640;9;1962;15;25.900000000000002;25.900000000000002;25.900000000000002;25.900000000000002
741;4670;10;1962;15;25.400000000000002;25.400000000000002;25.400000000000002;25.400000000000002
742;4701;11;1962;15;24.8;24.8;24.8;24.8
743;4731;12;1962;15;24.200000000000003;24.200000000000003;24.200000000000003;24.200000000000003
744;4762;1;1963;15;23.700000000000003;23.700000000000003;23.700000000000003;23.700000000000003
745;4793;2;1963;15;23.5;23.5;23.5;23.5
746;4821;3;1963;15;23.8;23.8;23.8;23.8
747;4852;4;1963;15;24.0;24.0;24.0;24.0
748;4882;5;1963;15;24.5;24.5;24.5;24.5
749;4913;6;1963;15;25.700000000000003;25.700000000000003;25.700000000000003;25.700000000000003
750;4943;7;1963;15;26.0;26.0;26.0;26.0
751;4974;8;1963;15;26.3;26.3;26.3;26.3
752;5005;9;1963;15;26.200000000000003;26.200000000000003;26.200000000000003;26.200000000000003
753;5035;10;1963;15;25.700000000000003;25.700000000000003;25.700000000000003;25.700000000000003
754;5066;11;1963;15;24.900000000000002;24.900000000000002;24.900000000000002;24.900000000000002
755;5096;12;1963;15;24.6;24.6;24.6;24.6
756;5127;1;1964;15;23.3;23.3;23.3;23.3
757;5158;2;1964;15;24.200000000000003;24.200000000000003;24.200000000000003;24.200000000000003
758;5187;3;1964;15;24.0;24.0;24.0;24.0
759;5218;4;1964;15;23.900000000000002;23.900000000000002;23.900000000000002;23.900000000000002
760;5248;5;1964;15;25.200000000000003;25.200000000000003;25.200000000000003;25.200000000000003
761;5279;6;1964;15;25.8;25.8;25.8;25.8
762;5309;7;1964;15;25.8;25.8;25.8;25.8
763;5340;8;1964;15;25.900000000000002;25.900000000000002;25.900000000000002;25.900000000000002
764;5371;9;1964;15;26.0;26.0;26.0;26.0
765;5401;10;1964;15;25.400000000000002;25.400000000000002;25.400000000000002;25.400000000000002
766;5432;11;1964;15;24.900000000000002;24.900000000000002;24.900000000000002;24.900000000000002
767;5462;12;1964;15;22.900000000000002;22.900000000000002;22.900000000000002;22.900000000000002
768;5493;1;1965;15;22.900000000000002;22.900000000000002;22.900000000000002;22.900000000000002
769;5524;2;1965;15;23.200000000000003;23.200000000000003;23.200000000000003;23.200000000000003
770;5552;3;1965;15;24.200000000000003;24.200000000000003;24.200000000000003;24.200000000000003
771;5583;4;1965;15;23.6;23.6;23.6;23.6
772;5613;5;1965;15;25.1;25.1;25.1;25.1
773;5644;6;1965;15;25.5;25.5;25.5;25.5
774;5674;7;1965;15;26.0;26.0;26.0;26.0
775;5705;8;1965;15;25.900000000000002;25.900000000000002;25.900000000000002;25.900000000000002
776;5736;9;1965;15;25.900000000000002;25.900000000000002;25.900000000000002;25.900000000000002
777;5766;10;1965;15;25.5;25.5;25.5;25.5
778;5797;11;1965;15;25.3;25.3;25.3;25.3
779;5827;12;1965;15;24.3;24.3;24.3;24.3
780;5858;1;1966;15;24.0;24.0;24.0;24.0
781;5889;2;1966;15;24.0;24.0;24.0;24.0
782;5917;3;1966;15;24.200000000000003;24.200000000000003;24.200000000000003;24.200000000000003
783;5948;4;1966;15;24.5;24.5;24.5;24.5
784;5978;5;1966;15;25.3;25.3;25.3;25.3
785;6009;6;1966;15;26.0;26.0;26.0;26.0
786;6039;7;1966;15;26.200000000000003;26.200000000000003;26.200000000000003;26.200000000000003
787;6070;8;1966;15;26.3;26.3;26.3;26.3
788;6101;9;1966;15;26.1;26.1;26.1;26.1
789;6131;10;1966;15;26.1;26.1;26.1;26.1
790;6162;11;1966;15;25.0;25.0;25.0;25.0
791;6192;12;1966;15;24.200000000000003;24.200000000000003;24.200000000000003;24.200000000000003
792;6223;1;1967;15;23.700000000000003;23.700000000000003;23.700000000000003;23.700000000000003
793;6254;2;1967;15;23.8;23.8;23.8;23.8
794;6282;3;1967;15;22.900000000000002;22.900000000000002;22.900000000000002;22.900000000000002
795;6313;4;1967;15;23.5;23.5;23.5;23.5
796;6343;5;1967;15;24.8;24.8;24.8;24.8
797;6374;6;1967;15;25.6;25.6;25.6;25.6
798;6404;7;1967;15;26.0;26.0;26.0;26.0
799;6435;8;1967;15;25.900000000000002;25.900000000000002;25.900000000000002;25.900000000000002
800;6466;9;1967;15;26.200000000000003;26.200000000000003;26.200000000000003;26.200000000000003
801;6496;10;1967;15;25.8;25.8;25.8;25.8
802;6527;11;1967;15;25.3;25.3;25.3;25.3
803;6557;12;1967;15;23.700000000000003;23.700000000000003;23.700000000000003;23.700000000000003
804;6588;1;1968;15;23.0;23.0;23.0;23.0
805;6619;2;1968;15;23.1;23.1;23.1;23.1
806;6648;3;1968;15;23.200000000000003;23.200000000000003;23.200000000000003;23.200000000000003
807;6679;4;1968;15;23.400000000000002;23.400000000000002;23.400000000000002;23.400000000000002
808;6709;5;1968;15;25.200000000000003;25.200000000000003;25.200000000000003;25.200000000000003
809;6740;6;1968;15;25.5;25.5;25.5;25.5
810;6770;7;1968;15;25.900000000000002;25.900000000000002;25.900000000000002;25.900000000000002
811;6801;8;1968;15;26.6;26.6;26.6;26.6
812;6832;9;1968;15;26.400000000000002;26.400000000000002;26.400000000000002;26.400000000000002
813;6862;10;1968;15;25.900000000000002;25.900000000000002;25.900000000000002;25.900000000000002
814;6893;11;1968;15;25.400000000000002;25.400000000000002;25.400000000000002;25.400000000000002
815;6923;12;1968;15;24.1;24.1;24.1;24.1
816;6954;1;1969;15;23.5;23.5;23.5;23.5
817;6985;2;1969;15;23.1;23.1;23.1;23.1
818;7013;3;1969;15;24.400000000000002;24.400000000000002;24.400000000000002;24.400000000000002
819;7044;4;1969;15;25.400000000000002;25.400000000000002;25.400000000000002;25.400000000000002
820;7074;5;1969;15;26.1;26.1;26.1;26.1
821;7105;6;1969;15;26.5;26.5;26.5;26.5
822;7135;7;1969;15;26.1;26.1;26.1;26.1
823;7166;8;1969;15;26.200000000000003;26.200000000000003;26.200000000000003;26.200000000000003
824;7197;9;1969;15;26.200000000000003;26.200000000000003;26.200000000000003;26.200000000000003
825;7227;10;1969;15;26.0;26.0;26.0;26.0
826;7258;11;1969;15;25.6;25.6;25.6;25.6
827;7288;12;1969;15;24.6;24.6;24.6;24.6
828;7319;1;1970;15;24.3;24.3;24.3;24.3
829;7350;2;1970;15;23.700000000000003;23.700000000000003;23.700000000000003;23.700000000000003
830;7378;3;1970;15;23.8;23.8;23.8;23.8
831;7409;4;1970;15;24.900000000000002;24.900000000000002;24.900000000000002;24.900000000000002
832;7439;5;1970;15;25.3;25.3;25.3;25.3
833;7470;6;1970;15;26.0;26.0;26.0;26.0
834;7500;7;1970;15;26.200000000000003;26.200000000000003;26.200000000000003;26.200000000000003
835;7531;8;1970;15;26.200000000000003;26.200000000000003;26.200000000000003;26.200000000000003
836;7562;9;1970;15;26.1;26.1;26.1;26.1
837;7592;10;1970;15;25.6;25.6;25.6;25.6
838;7623;11;1970;15;25.1;25.1;25.1;25.1
839;7653;12;1970;15;24.6;24.6;24.6;24.6
840;7684;1;1971;15;23.700000000000003;23.700000000000003;23.700000000000003;23.700000000000003
841;7715;2;1971;15;23.1;23.1;23.1;23.1
842;7743;3;1971;15;23.6;23.6;23.6;23.6
843;7774;4;1971;15;24.400000000000002;24.400000000000002;24.400000000000002;24.400000000000002
844;7804;5;1971;15;24.700000000000003;24.700000000000003;24.700000000000003;24.700000000000003
845;7835;6;1971;15;25.900000000000002;25.900000000000002;25.900000000000002;25.900000000000002
846;7865;7;1971;15;26.1;26.1;26.1;26.1
847;7896;8;1971;15;26.0;26.0;26.0;26.0
848;7927;9;1971;15;26.1;26.1;26.1;26.1
849;7957;10;1971;15;25.400000000000002;25.400000000000002;25.400000000000002;25.400000000000002
850;7988;11;1971;15;24.400000000000002;24.400000000000002;24.400000000000002;24.400000000000002
851;8018;12;1971;15;23.5;23.5;23.5;23.5
852;8049;1;1972;15;23.3;23.3;23.3;23.3
853;8080;2;1972;15;23.200000000000003;23.200000000000003;23.200000000000003;23.200000000000003
854;8109;3;1972;15;23.700000000000003;23.700000000000003;23.700000000000003;23.700000000000003
855;8140;4;1972;15;24.5;24.5;24.5;24.5
856;8170;5;1972;15;24.900000000000002;24.900000000000002;24.900000000000002;24.900000000000002
857;8201;6;1972;15;26.1;26.1;26.1;26.1
858;8231;7;1972;15;26.3;26.3;26.3;26.3
859;8262;8;1972;15;26.200000000000003;26.200000000000003;26.200000000000003;26.200000000000003
860;8293;9;1972;15;25.900000000000002;25.900000000000002;25.900000000000002;25.900000000000002
861;8323;10;1972;15;25.6;25.6;25.6;25.6
862;8354;11;1972;15;25.0;25.0;25.0;25.0
863;8384;12;1972;15;24.1;24.1;24.1;24.1
864;8415;1;1973;15;24.0;24.0;24.0;24.0
865;8446;2;1973;15;23.1;23.1;23.1;23.1
866;8474;3;1973;15;24.0;24.0;24.0;24.0
867;8505;4;1973;15;24.5;24.5;24.5;24.5
868;8535;5;1973;15;25.700000000000003;25.700000000000003;25.700000000000003;25.700000000000003
869;8566;6;1973;15;26.400000000000002;26.400000000000002;26.400000000000002;26.400000000000002
870;8596;7;1973;15;26.6;26.6;26.6;26.6
871;8627;8;1973;15;26.5;26.5;26.5;26.5
872;8658;9;1973;15;26.0;26.0;26.0;26.0
873;8688;10;1973;15;25.900000000000002;25.900000000000002;25.900000000000002;25.900000000000002
874;8719;11;1973;15;24.900000000000002;24.900000000000002;24.900000000000002;24.900000000000002
875;8749;12;1973;15;23.200000000000003;23.200000000000003;23.200000000000003;23.200000000000003
876;8780;1;1974;15;23.400000000000002;23.400000000000002;23.400000000000002;23.400000000000002
877;8811;2;1974;15;23.3;23.3;23.3;23.3
878;8839;3;1974;15;23.700000000000003;23.700000000000003;23.700000000000003;23.700000000000003
879;8870;4;1974;15;23.8;23.8;23.8;23.8
880;8900;5;1974;15;24.8;24.8;24.8;24.8
881;8931;6;1974;15;25.700000000000003;25.700000000000003;25.700000000000003;25.700000000000003
882;8961;7;1974;15;26.0;26.0;26.0;26.0
883;8992;8;1974;15;26.200000000000003;26.200000000000003;26.200000000000003;26.200000000000003
884;9023;9;1974;15;25.400000000000002;25.400000000000002;25.400000000000002;25.400000000000002
885;9053;10;1974;15;25.3;25.3;25.3;25.3
886;9084;11;1974;15;25.0;25.0;25.0;25.0
887;9114;12;1974;15;23.5;23.5;23.5;23.5
888;9145;1;1975;15;23.0;23.0;23.0;23.0
889;9176;2;1975;15;23.200000000000003;23.200000000000003;23.200000000000003;23.200000000000003
890;9204;3;1975;15;23.5;23.5;23.5;23.5
891;9235;4;1975;15;24.1;24.1;24.1;24.1
892;9265;5;1975;15;24.8;24.8;24.8;24.8
893;9296;6;1975;15;25.8;25.8;25.8;25.8
894;9326;7;1975;15;26.1;26.1;26.1;26.1
895;9357;8;1975;15;26.200000000000003;26.200000000000003;26.200000000000003;26.200000000000003
896;9388;9;1975;15;26.0;26.0;26.0;26.0
897;9418;10;1975;15;25.3;25.3;25.3;25.3
898;9449;11;1975;15;24.5;24.5;24.5;24.5
899;9479;12;1975;15;23.400000000000002;23.400000000000002;23.400000000000002;23.400000000000002
900;9510;1;1976;15;22.6;22.6;22.6;22.6
901;9541;2;1976;15;22.700000000000003;22.700000000000003;22.700000000000003;22.700000000000003
902;9570;3;1976;15;22.700000000000003;22.700000000000003;22.700000000000003;22.700000000000003
903;9601;4;1976;15;23.8;23.8;23.8;23.8
904;9631;5;1976;15;24.900000000000002;24.900000000000002;24.900000000000002;24.900000000000002
905;9662;6;1976;15;25.400000000000002;25.400000000000002;25.400000000000002;25.400000000000002
906;9692;7;1976;15;26.0;26.0;26.0;26.0
907;9723;8;1976;15;26.1;26.1;26.1;26.1
908;9754;9;1976;15;26.1;26.1;26.1;26.1
909;9784;10;1976;15;25.6;25.6;25.6;25.6
910;9815;11;1976;15;25.400000000000002;25.400000000000002;25.400000000000002;25.400000000000002
911;9845;12;1976;15;24.0;24.0;24.0;24.0
912;9876;1;1977;15;23.6;23.6;23.6;23.6
913;9907;2;1977;15;23.900000000000002;23.900000000000002;23.900000000000002;23.900000000000002
914;9935;3;1977;15;24.1;24.1;24.1;24.1
915;9966;4;1977;15;24.3;24.3;24.3;24.3
916;9996;5;1977;15;25.400000000000002;25.400000000000002;25.400000000000002;25.400000000000002
917;10027;6;1977;15;26.5;26.5;26.5;26.5
918;10057;7;1977;15;26.6;26.6;26.6;26.6
919;10088;8;1977;15;25.900000000000002;25.900000000000002;25.900000000000002;25.900000000000002
920;10119;9;1977;15;26.0;26.0;26.0;26.0
921;10149;10;1977;15;25.700000000000003;25.700000000000003;25.700000000000003;25.700000000000003
922;10180;11;1977;15;25.1;25.1;25.1;25.1
923;10210;12;1977;15;24.400000000000002;24.400000000000002;24.400000000000002;24.400000000000002
924;10241;1;1978;15;23.200000000000003;23.200000000000003;23.200000000000003;23.200000000000003
925;10272;2;1978;15;23.8;23.8;23.8;23.8
926;10300;3;1978;15;24.200000000000003;24.200000000000003;24.200000000000003;24.200000000000003
927;10331;4;1978;15;24.8;24.8;24.8;24.8
928;10361;5;1978;15;25.400000000000002;25.400000000000002;25.400000000000002;25.400000000000002
929;10392;6;1978;15;26.1;26.1;26.1;26.1
930;10422;7;1978;15;26.3;26.3;26.3;26.3
931;10453;8;1978;15;26.5;26.5;26.5;26.5
932;10484;9;1978;15;26.400000000000002;26.400000000000002;26.400000000000002;26.400000000000002
933;10514;10;1978;15;25.900000000000002;25.900000000000002;25.900000000000002;25.900000000000002
934;10545;11;1978;15;25.3;25.3;25.3;25.3
935;10575;12;1978;15;24.700000000000003;24.700000000000003;24.700000000000003;24.700000000000003
936;10606;1;1979;15;23.200000000000003;23.200000000000003;23.200000000000003;23.200000000000003
937;10637;2;1979;15;24.0;24.0;24.0;24.0
938;10665;3;1979;15;23.900000000000002;23.900000000000002;23.900000000000002;23.900000000000002
939;10696;4;1979;15;24.8;24.8;24.8;24.8
940;10726;5;1979;15;25.700000000000003;25.700000000000003;25.700000000000003;25.700000000000003
941;10757;6;1979;15;26.6;26.6;26.6;26.6
942;10787;7;1979;15;26.5;26.5;26.5;26.5
943;10818;8;1979;15;26.700000000000003;26.700000000000003;26.700000000000003;26.700000000000003
944;10849;9;1979;15;26.200000000000003;26.200000000000003;26.200000000000003;26.200000000000003
945;10879;10;1979;15;26.400000000000002;26.400000000000002;26.400000000000002;26.400000000000002
946;10910;11;1979;15;25.6;25.6;25.6;25.6
947;10940;12;1979;15;24.8;24.8;24.8;24.8
948;10971;1;1980;15;24.1;24.1;24.1;24.1
949;11002;2;1980;15;24.400000000000002;24.400000000000002;24.400000000000002;24.400000000000002
950;11031;3;1980;15;24.1;24.1;24.1;24.1
951;11062;4;1980;15;25.1;25.1;25.1;25.1
952;11092;5;1980;15;26.8;26.8;26.8;26.8
953;11123;6;1980;15;27.1;27.1;27.1;27.1
954;11153;7;1980;15;27.0;27.0;27.0;27.0
955;11184;8;1980;15;27.0;27.0;27.0;27.0
956;11215;9;1980;15;27.1;27.1;27.1;27.1
957;11245;10;1980;15;26.700000000000003;26.700000000000003;26.700000000000003;26.700000000000003
958;11276;11;1980;15;25.900000000000002;25.900000000000002;25.900000000000002;25.900000000000002
959;11306;12;1980;15;24.900000000000002;24.900000000000002;24.900000000000002;24.900000000000002
960;11337;1;1981;15;24.700000000000003;24.700000000000003;24.700000000000003;24.700000000000003
961;11368;2;1981;15;24.200000000000003;24.200000000000003;24.200000000000003;24.200000000000003
962;11396;3;1981;15;24.900000000000002;24.900000000000002;24.900000000000002;24.900000000000002
963;11427;4;1981;15;25.3;25.3;25.3;25.3
964;11457;5;1981;15;26.200000000000003;26.200000000000003;26.200000000000003;26.200000000000003
965;11488;6;1981;15;26.3;26.3;26.3;26.3
966;11518;7;1981;15;26.200000000000003;26.200000000000003;26.200000000000003;26.200000000000003
967;11549;8;1981;15;26.5;26.5;26.5;26.5
968;11580;9;1981;15;26.400000000000002;26.400000000000002;26.400000000000002;26.400000000000002
969;11610;10;1981;15;25.8;25.8;25.8;25.8
970;11641;11;1981;15;25.8;25.8;25.8;25.8
971;11671;12;1981;15;24.900000000000002;24.900000000000002;24.900000000000002;24.900000000000002
972;11702;1;1982;15;23.900000000000002;23.900000000000002;23.900000000000002;23.900000000000002
973;11733;2;1982;15;24.1;24.1;24.1;24.1
974;11761;3;1982;15;23.700000000000003;23.700000000000003;23.700000000000003;23.700000000000003
975;11792;4;1982;15;24.5;24.5;24.5;24.5
976;11822;5;1982;15;25.400000000000002;25.400000000000002;25.400000000000002;25.400000000000002
977;11853;6;1982;15;26.200000000000003;26.200000000000003;26.200000000000003;26.200000000000003
978;11883;7;1982;15;26.3;26.3;26.3;26.3
979;11914;8;1982;15;26.200000000000003;26.200000000000003;26.200000000000003;26.200000000000003
980;11945;9;1982;15;26.0;26.0;26.0;26.0
981;11975;10;1982;15;25.6;25.6;25.6;25.6
982;12006;11;1982;15;25.1;25.1;25.1;25.1
983;12036;12;1982;15;24.1;24.1;24.1;24.1
984;12067;1;1983;15;24.400000000000002;24.400000000000002;24.400000000000002;24.400000000000002
985;12098;2;1983;15;24.1;24.1;24.1;24.1
986;12126;3;1983;15;25.200000000000003;25.200000000000003;25.200000000000003;25.200000000000003
987;12157;4;1983;15;25.0;25.0;25.0;25.0
988;12187;5;1983;15;26.3;26.3;26.3;26.3
989;12218;6;1983;15;27.0;27.0;27.0;27.0
990;12248;7;1983;15;27.1;27.1;27.1;27.1
991;12279;8;1983;15;27.1;27.1;27.1;27.1
992;12310;9;1983;15;27.1;27.1;27.1;27.1
993;12340;10;1983;15;26.700000000000003;26.700000000000003;26.700000000000003;26.700000000000003
994;12371;11;1983;15;25.8;25.8;25.8;25.8
995;12401;12;1983;15;24.8;24.8;24.8;24.8
996;12432;1;1984;15;24.1;24.1;24.1;24.1
997;12463;2;1984;15;24.1;24.1;24.1;24.1
998;12492;3;1984;15;24.200000000000003;24.200000000000003;24.200000000000003;24.200000000000003
999;12523;4;1984;15;24.900000000000002;24.900000000000002;24.900000000000002;24.900000000000002
1000;12553;5;1984;15;25.3;25.3;25.3;25.3
1001;12584;6;1984;15;26.0;26.0;26.0;26.0
1002;12614;7;1984;15;26.200000000000003;26.200000000000003;26.200000000000003;26.200000000000003
1003;12645;8;1984;15;26.900000000000002;26.900000000000002;26.900000000000002;26.900000000000002
1004;12676;9;1984;15;26.400000000000002;26.400000000000002;26.400000000000002;26.400000000000002
1005;12706;10;1984;15;25.5;25.5;25.5;25.5
1006;12737;11;1984;15;25.0;25.0;25.0;25.0
1007;12767;12;1984;15;24.400000000000002;24.400000000000002;24.400000000000002;24.400000000000002
1008;12798;1;1985;15;23.6;23.6;23.6;23.6
1009;12829;2;1985;15;23.900000000000002;23.900000000000002;23.900000000000002;23.900000000000002
1010;12857;3;1985;15;23.8;23.8;23.8;23.8
1011;12888;4;1985;15;24.3;24.3;24.3;24.3
1012;12918;5;1985;15;25.6;25.6;25.6;25.6
1013;12949;6;1985;15;26.6;26.6;26.6;26.6
1014;12979;7;1985;15;26.700000000000003;26.700000000000003;26.700000000000003;26.700000000000003
1015;13010;8;1985;15;27.1;27.1;27.1;27.1
1016;13041;9;1985;15;26.700000000000003;26.700000000000003;26.700000000000003;26.700000000000003
1017;13071;10;1985;15;25.900000000000002;25.900000000000002;25.900000000000002;25.900000000000002
1018;13102;11;1985;15;25.6;25.6;25.6;25.6
1019;13132;12;1985;15;24.8;24.8;24.8;24.8
1020;13163;1;1986;15;23.8;23.8;23.8;23.8
1021;13194;2;1986;15;23.200000000000003;23.200000000000003;23.200000000000003;23.200000000000003
1022;13222;3;1986;15;24.3;24.3;24.3;24.3
1023;13253;4;1986;15;25.1;25.1;25.1;25.1
1024;13283;5;1986;15;25.6;25.6;25.6;25.6
1025;13314;6;1986;15;26.5;26.5;26.5;26.5
1026;13344;7;1986;15;26.5;26.5;26.5;26.5
1027;13375;8;1986;15;26.900000000000002;26.900000000000002;26.900000000000002;26.900000000000002
1028;13406;9;1986;15;26.700000000000003;26.700000000000003;26.700000000000003;26.700000000000003
1029;13436;10;1986;15;26.200000000000003;26.200000000000003;26.200000000000003;26.200000000000003
1030;13467;11;1986;15;25.6;25.6;25.6;25.6
1031;13497;12;1986;15;24.700000000000003;24.700000000000003;24.700000000000003;24.700000000000003
1032;13528;1;1987;15;23.900000000000002;23.900000000000002;23.900000000000002;23.900000000000002
1033;13559;2;1987;15;24.1;24.1;24.1;24.1
1034;13587;3;1987;15;24.5;24.5;24.5;24.5
1035;13618;4;1987;15;26.5;26.5;26.5;26.5
1036;13648;5;1987;15;26.200000000000003;26.200000000000003;26.200000000000003;26.200000000000003
1037;13679;6;1987;15;26.5;26.5;26.5;26.5
1038;13709;7;1987;15;27.200000000000003;27.200000000000003;27.200000000000003;27.200000000000003
1039;13740;8;1987;15;27.400000000000002;27.400000000000002;27.400000000000002;27.400000000000002
1040;13771;9;1987;15;27.200000000000003;27.200000000000003;27.200000000000003;27.200000000000003
1041;13801;10;1987;15;27.0;27.0;27.0;27.0
1042;13832;11;1987;15;26.3;26.3;26.3;26.3
1043;13862;12;1987;15;25.8;25.8;25.8;25.8
1044;13893;1;1988;15;24.700000000000003;24.700000000000003;24.700000000000003;24.700000000000003
1045;13924;2;1988;15;24.400000000000002;24.400000000000002;24.400000000000002;24.400000000000002
1046;13953;3;1988;15;24.3;24.3;24.3;24.3
1047;13984;4;1988;15;25.200000000000003;25.200000000000003;25.200000000000003;25.200000000000003
1048;14014;5;1988;15;26.200000000000003;26.200000000000003;26.200000000000003;26.200000000000003
1049;14045;6;1988;15;27.1;27.1;27.1;27.1
1050;14075;7;1988;15;27.200000000000003;27.200000000000003;27.200000000000003;27.200000000000003
1051;14106;8;1988;15;26.6;26.6;26.6;26.6
1052;14137;9;1988;15;26.700000000000003;26.700000000000003;26.700000000000003;26.700000000000003
1053;14167;10;1988;15;26.200000000000003;26.200000000000003;26.200000000000003;26.200000000000003
1054;14198;11;1988;15;25.8;25.8;25.8;25.8
1055;14228;12;1988;15;24.1;24.1;24.1;24.1
1056;14259;1;1989;15;23.700000000000003;23.700000000000003;23.700000000000003;23.700000000000003
1057;14290;2;1989;15;24.1;24.1;24.1;24.1
1058;14318;3;1989;15;23.8;23.8;23.8;23.8
1059;14349;4;1989;15;24.3;24.3;24.3;24.3
1060;14379;5;1989;15;25.5;25.5;25.5;25.5
1061;14410;6;1989;15;26.3;26.3;26.3;26.3
1062;14440;7;1989;15;26.8;26.8;26.8;26.8
1063;14471;8;1989;15;26.5;26.5;26.5;26.5
1064;14502;9;1989;15;26.6;26.6;26.6;26.6
1065;14532;10;1989;15;26.5;26.5;26.5;26.5
1066;14563;11;1989;15;24.5;24.5;24.5;24.5
1067;14593;12;1989;15;25.3;25.3;25.3;25.3
1068;14624;1;1990;15;24.700000000000003;24.700000000000003;24.700000000000003;24.700000000000003
1069;14655;2;1990;15;23.400000000000002;23.400000000000002;23.400000000000002;23.400000000000002
1070;14683;3;1990;15;23.6;23.6;23.6;23.6
1071;14714;4;1990;15;25.1;25.1;25.1;25.1
1072;14744;5;1990;15;26.200000000000003;26.200000000000003;26.200000000000003;26.200000000000003
1073;14775;6;1990;15;26.900000000000002;26.900000000000002;26.900000000000002;26.900000000000002
1074;14805;7;1990;15;26.900000000000002;26.900000000000002;26.900000000000002;26.900000000000002
1075;14836;8;1990;15;27.3;27.3;27.3;27.3
1076;14867;9;1990;15;27.400000000000002;27.400000000000002;27.400000000000002;27.400000000000002
1077;14897;10;1990;15;26.700000000000003;26.700000000000003;26.700000000000003;26.700000000000003
1078;14928;11;1990;15;26.3;26.3;26.3;26.3
1079;14958;12;1990;15;24.900000000000002;24.900000000000002;24.900000000000002;24.900000000000002
1080;14989;1;1991;15;24.5;24.5;24.5;24.5
1081;15020;2;1991;15;24.5;24.5;24.5;24.5
1082;15048;3;1991;15;24.900000000000002;24.900000000000002;24.900000000000002;24.900000000000002
1083;15079;4;1991;15;25.1;25.1;25.1;25.1
1084;15109;5;1991;15;26.0;26.0;26.0;26.0
1085;15140;6;1991;15;26.8;26.8;26.8;26.8
1086;15170;7;1991;15;27.1;27.1;27.1;27.1
1087;15201;8;1991;15;27.400000000000002;27.400000000000002;27.400000000000002;27.400000000000002
1088;15232;9;1991;15;27.1;27.1;27.1;27.1
1089;15262;10;1991;15;26.200000000000003;26.200000000000003;26.200000000000003;26.200000000000003
1090;15293;11;1991;15;25.3;25.3;25.3;25.3
1091;15323;12;1991;15;23.900000000000002;23.900000000000002;23.900000000000002;23.900000000000002
1092;15354;1;1992;15;24.200000000000003;24.200000000000003;24.200000000000003;24.200000000000003
1093;15385;2;1992;15;24.8;24.8;24.8;24.8
1094;15414;3;1992;15;24.8;24.8;24.8;24.8
1095;15445;4;1992;15;25.6;25.6;25.6;25.6
1096;15475;5;1992;15;25.8;25.8;25.8;25.8
1097;15506;6;1992;15;26.6;26.6;26.6;26.6
1098;15536;7;1992;15;26.900000000000002;26.900000000000002;26.900000000000002;26.900000000000002
1099;15567;8;1992;15;26.700000000000003;26.700000000000003;26.700000000000003;26.700000000000003
1100;15598;9;1992;15;26.400000000000002;26.400000000000002;26.400000000000002;26.400000000000002
1101;15628;10;1992;15;26.3;26.3;26.3;26.3
1102;15659;11;1992;15;25.3;25.3;25.3;25.3
1103;15689;12;1992;15;24.700000000000003;24.700000000000003;24.700000000000003;24.700000000000003
1104;15720;1;1993;15;24.5;24.5;24.5;24.5
1105;15751;2;1993;15;24.200000000000003;24.200000000000003;24.200000000000003;24.200000000000003
1106;15779;3;1993;15;24.700000000000003;24.700000000000003;24.700000000000003;24.700000000000003
1107;15810;4;1993;15;25.5;25.5;25.5;25.5
1108;15840;5;1993;15;26.1;26.1;26.1;26.1
1109;15871;6;1993;15;26.900000000000002;26.900000000000002;26.900000000000002;26.900000000000002
1110;15901;7;1993;15;26.6;26.6;26.6;26.6
1111;15932;8;1993;15;26.900000000000002;26.900000000000002;26.900000000000002;26.900000000000002
1112;15963;9;1993;15;26.400000000000002;26.400000000000002;26.400000000000002;26.400000000000002
1113;15993;10;1993;15;26.5;26.5;26.5;26.5
1114;16024;11;1993;15;25.6;25.6;25.6;25.6
1115;16054;12;1993;15;24.8;24.8;24.8;24.8
1116;16085;1;1994;15;24.3;24.3;24.3;24.3
1117;16116;2;1994;15;24.3;24.3;24.3;24.3
1118;16144;3;1994;15;24.5;24.5;24.5;24.5
1119;16175;4;1994;15;25.400000000000002;25.400000000000002;25.400000000000002;25.400000000000002
1120;16205;5;1994;15;26.5;26.5;26.5;26.5
1121;16236;6;1994;15;26.8;26.8;26.8;26.8
1122;16266;7;1994;15;26.900000000000002;26.900000000000002;26.900000000000002;26.900000000000002
1123;16297;8;1994;15;27.200000000000003;27.200000000000003;27.200000000000003;27.200000000000003
1124;16328;9;1994;15;26.6;26.6;26.6;26.6
1125;16358;10;1994;15;26.400000000000002;26.400000000000002;26.400000000000002;26.400000000000002
1126;16389;11;1994;15;26.200000000000003;26.200000000000003;26.200000000000003;26.200000000000003
1127;16419;12;1994;15;25.0;25.0;25.0;25.0
1128;16450;1;1995;15;24.8;24.8;24.8;24.8
1129;16481;2;1995;15;24.700000000000003;24.700000000000003;24.700000000000003;24.700000000000003
1130;16509;3;1995;15;24.0;24.0;24.0;24.0
1131;16540;4;1995;15;25.200000000000003;25.200000000000003;25.200000000000003;25.200000000000003
1132;16570;5;1995;15;26.700000000000003;26.700000000000003;26.700000000000003;26.700000000000003
1133;16601;6;1995;15;26.900000000000002;26.900000000000002;26.900000000000002;26.900000000000002
1134;16631;7;1995;15;27.3;27.3;27.3;27.3
1135;16662;8;1995;15;27.400000000000002;27.400000000000002;27.400000000000002;27.400000000000002
1136;16693;9;1995;15;26.700000000000003;26.700000000000003;26.700000000000003;26.700000000000003
1137;16723;10;1995;15;26.6;26.6;26.6;26.6
1138;16754;11;1995;15;26.0;26.0;26.0;26.0
1139;16784;12;1995;15;25.1;25.1;25.1;25.1
1140;16815;1;1996;15;24.5;24.5;24.5;24.5
1141;16846;2;1996;15;24.400000000000002;24.400000000000002;24.400000000000002;24.400000000000002
1142;16875;3;1996;15;24.700000000000003;24.700000000000003;24.700000000000003;24.700000000000003
1143;16906;4;1996;15;24.8;24.8;24.8;24.8
1144;16936;5;1996;15;25.6;25.6;25.6;25.6
1145;16967;6;1996;15;26.0;26.0;26.0;26.0
1146;16997;7;1996;15;26.5;26.5;26.5;26.5
1147;17028;8;1996;15;26.8;26.8;26.8;26.8
1148;17059;9;1996;15;26.400000000000002;26.400000000000002;26.400000000000002;26.400000000000002
1149;17089;10;1996;15;26.3;26.3;26.3;26.3
1150;17120;11;1996;15;25.3;25.3;25.3;25.3
1151;17150;12;1996;15;23.900000000000002;23.900000000000002;23.900000000000002;23.900000000000002
1152;17181;1;1997;15;23.900000000000002;23.900000000000002;23.900000000000002;23.900000000000002
1153;17212;2;1997;15;24.3;24.3;24.3;24.3
1154;17240;3;1997;15;23.8;23.8;23.8;23.8
1155;17271;4;1997;15;24.5;24.5;24.5;24.5
1156;17301;5;1997;15;26.0;26.0;26.0;26.0
1157;17332;6;1997;15;27.0;27.0;27.0;27.0
1158;17362;7;1997;15;27.0;27.0;27.0;27.0
1159;17393;8;1997;15;26.900000000000002;26.900000000000002;26.900000000000002;26.900000000000002
1160;17424;9;1997;15;27.1;27.1;27.1;27.1
1161;17454;10;1997;15;26.6;26.6;26.6;26.6
1162;17485;11;1997;15;26.200000000000003;26.200000000000003;26.200000000000003;26.200000000000003
1163;17515;12;1997;15;25.6;25.6;25.6;25.6
1164;17546;1;1998;15;25.1;25.1;25.1;25.1
1165;17577;2;1998;15;25.1;25.1;25.1;25.1
1166;17605;3;1998;15;25.400000000000002;25.400000000000002;25.400000000000002;25.400000000000002
1167;17636;4;1998;15;25.6;25.6;25.6;25.6
1168;17666;5;1998;15;26.5;26.5;26.5;26.5
1169;17697;6;1998;15;26.900000000000002;26.900000000000002;26.900000000000002;26.900000000000002
1170;17727;7;1998;15;27.1;27.1;27.1;27.1
1171;17758;8;1998;15;27.5;27.5;27.5;27.5
1172;17789;9;1998;15;27.3;27.3;27.3;27.3
1173;17819;10;1998;15;26.6;26.6;26.6;26.6
1174;17850;11;1998;15;25.700000000000003;25.700000000000003;25.700000000000003;25.700000000000003
1175;17880;12;1998;15;25.3;25.3;25.3;25.3
1176;17911;1;1999;15;24.1;24.1;24.1;24.1
1177;17942;2;1999;15;23.1;23.1;23.1;23.1
1178;17970;3;1999;15;24.200000000000003;24.200000000000003;24.200000000000003;24.200000000000003
1179;18001;4;1999;15;24.900000000000002;24.900000000000002;24.900000000000002;24.900000000000002
1180;18031;5;1999;15;26.400000000000002;26.400000000000002;26.400000000000002;26.400000000000002
1181;18062;6;1999;15;26.700000000000003;26.700000000000003;26.700000000000003;26.700000000000003
1182;18092;7;1999;15;26.8;26.8;26.8;26.8
1183;18123;8;1999;15;26.900000000000002;26.900000000000002;26.900000000000002;26.900000000000002
1184;18154;9;1999;15;27.1;27.1;27.1;27.1
1185;18184;10;1999;15;26.5;26.5;26.5;26.5
1186;18215;11;1999;15;25.700000000000003;25.700000000000003;25.700000000000003;25.700000000000003
1187;18245;12;1999;15;24.6;24.6;24.6;24.6
1188;18276;1;2000;15;23.900000000000002;23.900000000000002;23.900000000000002;23.900000000000002
1189;18307;2;2000;15;23.8;23.8;23.8;23.8
1190;18336;3;2000;15;23.5;23.5;23.5;23.5
1191;18367;4;2000;15;24.8;24.8;24.8;24.8
1192;18397;5;2000;15;25.700000000000003;25.700000000000003;25.700000000000003;25.700000000000003
1193;18428;6;2000;15;26.5;26.5;26.5;26.5
1194;18458;7;2000;15;27.0;27.0;27.0;27.0
1195;18489;8;2000;15;26.8;26.8;26.8;26.8
1196;18520;9;2000;15;26.400000000000002;26.400000000000002;26.400000000000002;26.400000000000002
1197;18550;10;2000;15;26.3;26.3;26.3;26.3
1198;18581;11;2000;15;25.3;25.3;25.3;25.3
1199;18611;12;2000;15;24.8;24.8;24.8;24.8
1200;18642;1;2001;15;24.1;24.1;24.1;24.1
1201;18673;2;2001;15;23.700000000000003;23.700000000000003;23.700000000000003;23.700000000000003
1202;18701;3;2001;15;24.6;24.6;24.6;24.6
1203;18732;4;2001;15;25.0;25.0;25.0;25.0
1204;18762;5;2001;15;26.700000000000003;26.700000000000003;26.700000000000003;26.700000000000003
1205;18793;6;2001;15;27.1;27.1;27.1;27.1
1206;18823;7;2001;15;27.0;27.0;27.0;27.0
1207;18854;8;2001;15;27.1;27.1;27.1;27.1
1208;18885;9;2001;15;27.0;27.0;27.0;27.0
1209;18915;10;2001;15;26.200000000000003;26.200000000000003;26.200000000000003;26.200000000000003
1210;18946;11;2001;15;25.5;25.5;25.5;25.5
1211;18976;12;2001;15;25.0;25.0;25.0;25.0
1212;19007;1;2002;15;24.900000000000002;24.900000000000002;24.900000000000002;24.900000000000002
1213;19038;2;2002;15;23.8;23.8;23.8;23.8
1214;19066;3;2002;15;24.6;24.6;24.6;24.6
1215;19097;4;2002;15;24.8;24.8;24.8;24.8
1216;19127;5;2002;15;25.900000000000002;25.900000000000002;25.900000000000002;25.900000000000002
1217;19158;6;2002;15;26.8;26.8;26.8;26.8
1218;19188;7;2002;15;26.900000000000002;26.900000000000002;26.900000000000002;26.900000000000002
1219;19219;8;2002;15;27.0;27.0;27.0;27.0
1220;19250;9;2002;15;27.0;27.0;27.0;27.0
1221;19280;10;2002;15;26.0;26.0;26.0;26.0
1222;19311;11;2002;15;25.700000000000003;25.700000000000003;25.700000000000003;25.700000000000003
1223;19341;12;2002;15;24.8;24.8;24.8;24.8
1224;19372;1;2003;15;24.3;24.3;24.3;24.3
1225;19403;2;2003;15;24.5;24.5;24.5;24.5
1226;19431;3;2003;15;24.200000000000003;24.200000000000003;24.200000000000003;24.200000000000003
1227;19462;4;2003;15;25.5;25.5;25.5;25.5
1228;19492;5;2003;15;26.1;26.1;26.1;26.1
1229;19523;6;2003;15;26.0;26.0;26.0;26.0
1230;19553;7;2003;15;26.200000000000003;26.200000000000003;26.200000000000003;26.200000000000003
1231;19584;8;2003;15;26.5;26.5;26.5;26.5
1232;19615;9;2003;15;26.8;26.8;26.8;26.8
1233;19645;10;2003;15;25.8;25.8;25.8;25.8
1234;19676;11;2003;15;25.200000000000003;25.200000000000003;25.200000000000003;25.200000000000003
1235;19706;12;2003;15;24.700000000000003;24.700000000000003;24.700000000000003;24.700000000000003
1236;19737;1;2004;15;23.6;23.6;23.6;23.6
1237;19768;2;2004;15;23.700000000000003;23.700000000000003;23.700000000000003;23.700000000000003
1238;19797;3;2004;15;24.0;24.0;24.0;24.0
1239;19828;4;2004;15;24.8;24.8;24.8;24.8
1240;19858;5;2004;15;25.1;25.1;25.1;25.1
1241;19889;6;2004;15;26.400000000000002;26.400000000000002;26.400000000000002;26.400000000000002
1242;19919;7;2004;15;26.200000000000003;26.200000000000003;26.200000000000003;26.200000000000003
1243;19950;8;2004;15;26.700000000000003;26.700000000000003;26.700000000000003;26.700000000000003
1244;19981;9;2004;15;26.200000000000003;26.200000000000003;26.200000000000003;26.200000000000003
1245;20011;10;2004;15;25.8;25.8;25.8;25.8
1246;20042;11;2004;15;24.900000000000002;24.900000000000002;24.900000000000002;24.900000000000002
1247;20072;12;2004;15;24.3;24.3;24.3;24.3
1248;20103;1;2005;15;23.8;23.8;23.8;23.8
1249;20134;2;2005;15;23.200000000000003;23.200000000000003;23.200000000000003;23.200000000000003
1250;20162;3;2005;15;24.900000000000002;24.900000000000002;24.900000000000002;24.900000000000002
1251;20193;4;2005;15;26.0;26.0;26.0;26.0
1252;20223;5;2005;15;26.3;26.3;26.3;26.3
1253;20254;6;2005;15;26.400000000000002;26.400000000000002;26.400000000000002;26.400000000000002
1254;20284;7;2005;15;26.700000000000003;26.700000000000003;26.700000000000003;26.700000000000003
1255;20315;8;2005;15;26.700000000000003;26.700000000000003;26.700000000000003;26.700000000000003
1256;20346;9;2005;15;26.8;26.8;26.8;26.8
1257;20376;10;2005;15;26.200000000000003;26.200000000000003;26.200000000000003;26.200000000000003
1258;20407;11;2005;15;25.1;25.1;25.1;25.1
1259;20437;12;2005;15;24.3;24.3;24.3;24.3
1260;20468;1;2006;15;23.700000000000003;23.700000000000003;23.700000000000003;23.700000000000003
1261;20499;2;2006;15;23.700000000000003;23.700000000000003;23.700000000000003;23.700000000000003
1262;20527;3;2006;15;23.900000000000002;23.900000000000002;23.900000000000002;23.900000000000002
1263;20558;4;2006;15;24.900000000000002;24.900000000000002;24.900000000000002;24.900000000000002
1264;20588;5;2006;15;26.0;26.0;26.0;26.0
1265;20619;6;2006;15;26.6;26.6;26.6;26.6
1266;20649;7;2006;15;26.5;26.5;26.5;26.5
1267;20680;8;2006;15;26.6;26.6;26.6;26.6
1268;20711;9;2006;15;26.6;26.6;26.6;26.6
1269;20741;10;2006;15;26.3;26.3;26.3;26.3
1270;20772;11;2006;15;25.400000000000002;25.400000000000002;25.400000000000002;25.400000000000002
1271;20802;12;2006;15;24.700000000000003;24.700000000000003;24.700000000000003;24.700000000000003
1272;20833;1;2007;15;23.900000000000002;23.900000000000002;23.900000000000002;23.900000000000002
1273;20864;2;2007;15;24.400000000000002;24.400000000000002;24.400000000000002;24.400000000000002
1274;20892;3;2007;15;25.0;25.0;25.0;25.0
1275;20923;4;2007;15;25.400000000000002;25.400000000000002;25.400000000000002;25.400000000000002
1276;20953;5;2007;15;26.5;26.5;26.5;26.5
1277;20984;6;2007;15;27.0;27.0;27.0;27.0
1278;21014;7;2007;15;26.900000000000002;26.900000000000002;26.900000000000002;26.900000000000002
1279;21045;8;2007;15;26.5;26.5;26.5;26.5
1280;21076;9;2007;15;26.1;26.1;26.1;26.1
1281;21106;10;2007;15;25.700000000000003;25.700000000000003;25.700000000000003;25.700000000000003
1282;21137;11;2007;15;25.3;25.3;25.3;25.3
1283;21167;12;2007;15;24.6;24.6;24.6;24.6
1284;21198;1;2008;15;23.3;23.3;23.3;23.3
1285;21229;2;2008;15;23.6;23.6;23.6;23.6
1286;21258;3;2008;15;23.3;23.3;23.3;23.3
1287;21289;4;2008;15;24.200000000000003;24.200000000000003;24.200000000000003;24.200000000000003
1288;21319;5;2008;15;25.200000000000003;25.200000000000003;25.200000000000003;25.200000000000003
1289;21350;6;2008;15;26.1;26.1;26.1;26.1
1290;21380;7;2008;15;26.400000000000002;26.400000000000002;26.400000000000002;26.400000000000002
1291;21411;8;2008;15;27.1;27.1;27.1;27.1
1292;21442;9;2008;15;26.1;26.1;26.1;26.1
1293;21472;10;2008;15;25.700000000000003;25.700000000000003;25.700000000000003;25.700000000000003
1294;21503;11;2008;15;25.1;25.1;25.1;25.1
1295;21533;12;2008;15;24.0;24.0;24.0;24.0
1296;21564;1;2009;15;24.3;24.3;24.3;24.3
1297;21595;2;2009;15;23.8;23.8;23.8;23.8
1298;21623;3;2009;15;23.400000000000002;23.400000000000002;23.400000000000002;23.400000000000002
1299;21654;4;2009;15;24.1;24.1;24.1;24.1
1300;21684;5;2009;15;25.1;25.1;25.1;25.1
1301;21715;6;2009;15;26.1;26.1;26.1;26.1
1302;21745;7;2009;15;27.0;27.0;27.0;27.0
1303;21776;8;2009;15;27.200000000000003;27.200000000000003;27.200000000000003;27.200000000000003
1304;21807;9;2009;15;26.700000000000003;26.700000000000003;26.700000000000003;26.700000000000003
1305;21837;10;2009;15;26.5;26.5;26.5;26.5
1306;21868;11;2009;15;25.6;25.6;25.6;25.6
1307;21898;12;2009;15;25.0;25.0;25.0;25.0
1308;21929;1;2010;15;24.6;24.6;24.6;24.6
1309;21960;2;2010;15;25.200000000000003;25.200000000000003;25.200000000000003;25.200000000000003
1310;21988;3;2010;15;25.0;25.0;25.0;25.0
1311;22019;4;2010;15;25.700000000000003;25.700000000000003;25.700000000000003;25.700000000000003
1312;22049;5;2010;15;26.400000000000002;26.400000000000002;26.400000000000002;26.400000000000002
1313;22080;6;2010;15;26.6;26.6;26.6;26.6
1314;22110;7;2010;15;27.0;27.0;27.0;27.0
1315;22141;8;2010;15;27.0;27.0;27.0;27.0
1316;22172;9;2010;15;26.700000000000003;26.700000000000003;26.700000000000003;26.700000000000003
1317;22202;10;2010;15;26.1;26.1;26.1;26.1
1318;22233;11;2010;15;25.6;25.6;25.6;25.6
1319;22263;12;2010;15;24.400000000000002;24.400000000000002;24.400000000000002;24.400000000000002
1320;22294;1;2011;15;24.200000000000003;24.200000000000003;24.200000000000003;24.200000000000003
1321;22325;2;2011;15;24.1;24.1;24.1;24.1
1322;22353;3;2011;15;23.5;23.5;23.5;23.5
1323;22384;4;2011;15;24.200000000000003;24.200000000000003;24.200000000000003;24.200000000000003
1324;22414;5;2011;15;25.400000000000002;25.400000000000002;25.400000000000002;25.400000000000002
1325;22445;6;2011;15;26.900000000000002;26.900000000000002;26.900000000000002;26.900000000000002
1326;22475;7;2011;15;26.1;26.1;26.1;26.1
1327;22506;8;2011;15;26.400000000000002;26.400000000000002;26.400000000000002;26.400000000000002
1328;22537;9;2011;15;26.6;26.6;26.6;26.6
1329;22567;10;2011;15;26.1;26.1;26.1;26.1
1330;22598;11;2011;15;25.400000000000002;25.400000000000002;25.400000000000002;25.400000000000002
1331;22628;12;2011;15;24.5;24.5;24.5;24.5
1332;22659;1;2012;15;23.700000000000003;23.700000000000003;23.700000000000003;23.700000000000003
1333;22690;2;2012;15;23.8;23.8;23.8;23.8
1334;22719;3;2012;15;24.200000000000003;24.200000000000003;24.200000000000003;24.200000000000003
1335;22750;4;2012;15;24.900000000000002;24.900000000000002;24.900000000000002;24.900000000000002
1336;22780;5;2012;15;25.5;25.5;25.5;25.5
1337;22811;6;2012;15;27.0;27.0;27.0;27.0
1338;22841;7;2012;15;26.700000000000003;26.700000000000003;26.700000000000003;26.700000000000003
1339;22872;8;2012;15;26.700000000000003;26.700000000000003;26.700000000000003;26.700000000000003
1340;22903;9;2012;15;26.8;26.8;26.8;26.8
1341;22933;10;2012;15;26.200000000000003;26.200000000000003;26.200000000000003;26.200000000000003
1342;22964;11;2012;15;26.0;26.0;26.0;26.0
1343;22994;12;2012;15;24.700000000000003;24.700000000000003;24.700000000000003;24.700000000000003
1344;23025;1;2013;15;24.3;24.3;24.3;24.3
1345;23056;2;2013;15;24.3;24.3;24.3;24.3
1346;23084;3;2013;15;24.400000000000002;24.400000000000002;24.400000000000002;24.400000000000002
1347;23115;4;2013;15;24.700000000000003;24.700000000000003;24.700000000000003;24.700000000000003
1348;23145;5;2013;15;25.6;25.6;25.6;25.6
1349;23176;6;2013;15;26.1;26.1;26.1;26.1
1350;23206;7;2013;15;26.400000000000002;26.400000000000002;26.400000000000002;26.400000000000002
1351;23237;8;2013;15;26.700000000000003;26.700000000000003;26.700000000000003;26.700000000000003
1352;23268;9;2013;15;26.900000000000002;26.900000000000002;26.900000000000002;26.900000000000002
1353;23298;10;2013;15;26.5;26.5;26.5;26.5
1354;23329;11;2013;15;25.700000000000003;25.700000000000003;25.700000000000003;25.700000000000003
1355;23359;12;2013;15;25.0;25.0;25.0;25.0
1356;23390;1;2014;15;24.5;24.5;24.5;24.5
1357;23421;2;2014;15;24.200000000000003;24.200000000000003;24.200000000000003;24.200000000000003
1358;23449;3;2014;15;24.1;24.1;24.1;24.1
1359;23480;4;2014;15;25.0;25.0;25.0;25.0
1360;23510;5;2014;15;25.3;25.3;25.3;25.3
1361;23541;6;2014;15;26.8;26.8;26.8;26.8
1362;23571;7;2014;15;26.700000000000003;26.700000000000003;26.700000000000003;26.700000000000003
1363;23602;8;2014;15;26.6;26.6;26.6;26.6
1364;23633;9;2014;15;26.3;26.3;26.3;26.3
1365;23663;10;2014;15;26.5;26.5;26.5;26.5
1366;23694;11;2014;15;25.8;25.8;25.8;25.8
1367;23724;12;2014;15;24.5;24.5;24.5;24.5
1368;23755;1;2015;15;24.6;24.6;24.6;24.6
1369;23786;2;2015;15;24.8;24.8;24.8;24.8
1370;23814;3;2015;15;24.200000000000003;24.200000000000003;24.200000000000003;24.200000000000003
1371;23845;4;2015;15;24.900000000000002;24.900000000000002;24.900000000000002;24.900000000000002
1372;23875;5;2015;15;25.900000000000002;25.900000000000002;25.900000000000002;25.900000000000002
1373;23906;6;2015;15;26.700000000000003;26.700000000000003;26.700000000000003;26.700000000000003
1374;23936;7;2015;15;26.8;26.8;26.8;26.8
1375;23967;8;2015;15;26.900000000000002;26.900000000000002;26.900000000000002;26.900000000000002
1376;23998;9;2015;15;26.900000000000002;26.900000000000002;26.900000000000002;26.900000000000002
1377;24028;10;2015;15;27.200000000000003;27.200000000000003;27.200000000000003;27.200000000000003
1378;24059;11;2015;15;25.8;25.8;25.8;25.8
1379;24089;12;2015;15;25.5;25.5;25.5;25.5
