"OBJECTID","ID_0","ISO","NAME_0","ID_1","NAME_1","HASC_1","CCN_1","CCA_1","TYPE_1","ENGTYPE_1","NL_NAME_1","VARNAME_1"
1,183,"PRI","Puerto Rico",1,"Añasco","PR.AN",NA,"","Municipio","Municipality","",""
2,183,"PRI","Puerto Rico",2,"Adjuntas","PR.AJ",NA,"","Municipio","Municipality","",""
3,183,"PRI","Puerto Rico",3,"Aguada","PR.AD",NA,"","Municipio","Municipality","",""
4,183,"PRI","Puerto Rico",4,"Aguadilla","PR.AL",NA,"","Municipio","Municipality","",""
5,183,"PRI","Puerto Rico",5,"Aguas Buenas","PR.AB",NA,"","Municipio","Municipality","",""
6,183,"PRI","Puerto Rico",6,"Aibonito","PR.AI",NA,"","Municipio","Municipality","",""
7,183,"PRI","Puerto Rico",7,"Arecibo","PR.AC",NA,"","Municipio","Municipality","",""
8,183,"PRI","Puerto Rico",8,"Arroyo","PR.AR",NA,"","Municipio","Municipality","",""
9,183,"PRI","Puerto Rico",9,"Barceloneta","PR.BC",NA,"","Municipio","Municipality","",""
10,183,"PRI","Puerto Rico",10,"Barranquitas","PR.BQ",NA,"","Municipio","Municipality","",""
11,183,"PRI","Puerto Rico",11,"Bayamón","PR.BY",NA,"","Municipio","Municipality","",""
12,183,"PRI","Puerto Rico",12,"Cabo Rojo","PR.CR",NA,"","Municipio","Municipality","",""
13,183,"PRI","Puerto Rico",13,"Caguas","PR.CG",NA,"","Municipio","Municipality","",""
14,183,"PRI","Puerto Rico",14,"Camuy","PR.CA",NA,"","Municipio","Municipality","",""
15,183,"PRI","Puerto Rico",15,"Canóvanas","PR.CV",NA,"","Municipio","Municipality","",""
16,183,"PRI","Puerto Rico",16,"Carolina","PR.CN",NA,"","Municipio","Municipality","",""
17,183,"PRI","Puerto Rico",17,"Cataño","PR.CT",NA,"","Municipio","Municipality","",""
18,183,"PRI","Puerto Rico",18,"Cayey","PR.CY",NA,"","Municipio","Municipality","",""
19,183,"PRI","Puerto Rico",19,"Ceiba","PR.CB",NA,"","Municipio","Municipality","",""
20,183,"PRI","Puerto Rico",20,"Ciales","PR.CL",NA,"","Municipio","Municipality","",""
21,183,"PRI","Puerto Rico",21,"Cidra","PR.CD",NA,"","Municipio","Municipality","",""
22,183,"PRI","Puerto Rico",22,"Coamo","PR.CO",NA,"","Municipio","Municipality","",""
23,183,"PRI","Puerto Rico",23,"Comerío","PR.CM",NA,"","Municipio","Municipality","",""
24,183,"PRI","Puerto Rico",24,"Corozal","PR.CZ",NA,"","Municipio","Municipality","",""
25,183,"PRI","Puerto Rico",25,"Culebra","PR.CU",NA,"","Municipio","Municipality","",""
26,183,"PRI","Puerto Rico",26,"Dorado","PR.DO",NA,"","Municipio","Municipality","",""
27,183,"PRI","Puerto Rico",27,"Fajardo","PR.FJ",NA,"","Municipio","Municipality","",""
28,183,"PRI","Puerto Rico",28,"Florida","PR.FL",NA,"","Municipio","Municipality","",""
29,183,"PRI","Puerto Rico",29,"Guánica","PR.GC",NA,"","Municipio","Municipality","",""
30,183,"PRI","Puerto Rico",30,"Guayama","PR.GM",NA,"","Municipio","Municipality","",""
31,183,"PRI","Puerto Rico",31,"Guayanilla","PR.GL",NA,"","Municipio","Municipality","",""
32,183,"PRI","Puerto Rico",32,"Guaynabo","PR.GB",NA,"","Municipio","Municipality","",""
33,183,"PRI","Puerto Rico",33,"Gurabo","PR.GR",NA,"","Municipio","Municipality","",""
34,183,"PRI","Puerto Rico",34,"Hatillo","PR.HA",NA,"","Municipio","Municipality","",""
35,183,"PRI","Puerto Rico",35,"Hormigueros","PR.HO",NA,"","Municipio","Municipality","",""
36,183,"PRI","Puerto Rico",36,"Humacao","PR.HU",NA,"","Municipio","Municipality","",""
37,183,"PRI","Puerto Rico",37,"Isabela","PR.IS",NA,"","Municipio","Municipality","",""
38,183,"PRI","Puerto Rico",38,"Jayuya","PR.JY",NA,"","Municipio","Municipality","",""
39,183,"PRI","Puerto Rico",39,"Juana Díaz","PR.JD",NA,"","Municipio","Municipality","",""
40,183,"PRI","Puerto Rico",40,"Juncos","PR.JC",NA,"","Municipio","Municipality","",""
41,183,"PRI","Puerto Rico",41,"Lajas","PR.LJ",NA,"","Municipio","Municipality","",""
42,183,"PRI","Puerto Rico",42,"Lares","PR.LR",NA,"","Municipio","Municipality","",""
43,183,"PRI","Puerto Rico",43,"Las Marías","PR.LM",NA,"","Municipio","Municipality","",""
44,183,"PRI","Puerto Rico",44,"Las Piedras","PR.LP",NA,"","Municipio","Municipality","",""
45,183,"PRI","Puerto Rico",45,"Loíza","PR.LZ",NA,"","Municipio","Municipality","",""
46,183,"PRI","Puerto Rico",46,"Luquillo","PR.LQ",NA,"","Municipio","Municipality","",""
47,183,"PRI","Puerto Rico",47,"Manatí","PR.MT",NA,"","Municipio","Municipality","",""
48,183,"PRI","Puerto Rico",48,"Maricao","PR.MR",NA,"","Municipio","Municipality","",""
49,183,"PRI","Puerto Rico",49,"Maunabo","PR.MB",NA,"","Municipio","Municipality","",""
50,183,"PRI","Puerto Rico",50,"Mayagüez","PR.MG",NA,"","Municipio","Municipality","",""
51,183,"PRI","Puerto Rico",51,"Moca","PR.MC",NA,"","Municipio","Municipality","",""
52,183,"PRI","Puerto Rico",52,"Morovis","PR.MV",NA,"","Municipio","Municipality","",""
53,183,"PRI","Puerto Rico",53,"Naguabo","PR.NG",NA,"","Municipio","Municipality","",""
54,183,"PRI","Puerto Rico",54,"Naranjito","PR.NR",NA,"","Municipio","Municipality","",""
55,183,"PRI","Puerto Rico",55,"Orocovis","PR.OR",NA,"","Municipio","Municipality","",""
56,183,"PRI","Puerto Rico",56,"Patillas","PR.PT",NA,"","Municipio","Municipality","",""
57,183,"PRI","Puerto Rico",57,"Peñuelas","PR.PN",NA,"","Municipio","Municipality","",""
58,183,"PRI","Puerto Rico",58,"Ponce","PR.PO",NA,"","Municipio","Municipality","",""
59,183,"PRI","Puerto Rico",59,"Quebradillas","PR.QB",NA,"","Municipio","Municipality","",""
60,183,"PRI","Puerto Rico",60,"Río Grande","PR.RG",NA,"","Municipio","Municipality","",""
61,183,"PRI","Puerto Rico",61,"Rincón","PR.RC",NA,"","Municipio","Municipality","",""
62,183,"PRI","Puerto Rico",62,"Sabana Grande","PR.SB",NA,"","Municipio","Municipality","",""
63,183,"PRI","Puerto Rico",63,"Salinas","PR.SA",NA,"","Municipio","Municipality","",""
64,183,"PRI","Puerto Rico",64,"San Germán","PR.SG",NA,"","Municipio","Municipality","",""
65,183,"PRI","Puerto Rico",65,"San Juan","PR.SJ",NA,"","Municipio|Senatorial District","Municipality","",""
66,183,"PRI","Puerto Rico",66,"San Lorenzo","PR.SL",NA,"","Municipio","Municipality","",""
67,183,"PRI","Puerto Rico",67,"San Sebastián","PR.SS",NA,"","Municipio","Municipality","",""
68,183,"PRI","Puerto Rico",68,"Santa Isabel","PR.SI",NA,"","Municipio","Municipality","",""
69,183,"PRI","Puerto Rico",69,"Toa Alta","PR.TA",NA,"","Municipio","Municipality","",""
70,183,"PRI","Puerto Rico",70,"Toa Baja","PR.TB",NA,"","Municipio","Municipality","",""
71,183,"PRI","Puerto Rico",71,"Trujillo Alto","PR.TJ",NA,"","Municipio","Municipality","",""
72,183,"PRI","Puerto Rico",72,"Utuado","PR.UT",NA,"","Municipio","Municipality","",""
73,183,"PRI","Puerto Rico",73,"Vega Alta","PR.VA",NA,"","Municipio","Municipality","",""
74,183,"PRI","Puerto Rico",74,"Vega Baja","PR.VB",NA,"","Municipio","Municipality","",""
75,183,"PRI","Puerto Rico",75,"Vieques","PR.VQ",NA,"","Municipio","Municipality","",""
76,183,"PRI","Puerto Rico",76,"Villalba","PR.VL",NA,"","Municipio","Municipality","",""
77,183,"PRI","Puerto Rico",77,"Yabucoa","PR.YB",NA,"","Municipio","Municipality","",""
78,183,"PRI","Puerto Rico",78,"Yauco","PR.YU",NA,"","Municipio","Municipality","",""
